Date,EWMA Volatility (σ̂),Volatility Momentum (Δσ̂),Risk–Vol Divergence (R̂−σ̂),Loss–Risk Divergence (L−R̂),Absolute Loss (|L|)
2021-05-04,-0.5430459,-0.2174091,-2.008182,-0.1549882,0.04641618
2021-05-05,-0.62438047,-0.5888248,-1.7564118,-0.7642663,-0.53060544
2021-05-06,-0.562187,-0.34001717,-1.6546792,-0.19700553,-0.07463473
2021-05-07,-0.73002446,-0.35810077,-2.1189575,-0.2231013,-0.106969945
2021-05-10,-0.662246,-0.26711977,-2.2042243,-0.36615345,0.18517575
2021-05-11,-0.62840384,-0.24979605,-2.138624,-0.10092124,0.107169166
2021-05-12,-0.7129383,0.2581083,-1.632872,-0.58470577,-0.3300225
2021-05-13,-0.6102245,0.008883501,-1.7681146,-0.2805084,0.028122697
2021-05-14,-0.29574338,0.45109314,-1.3828357,0.045386687,0.09469406
2021-05-17,-0.4071336,0.14727369,-1.4210373,-0.3555038,-1.0670018
2021-05-18,-0.26245365,0.5296936,-0.8623701,-0.08902565,0.115026005
2021-05-19,-0.19404289,0.13465543,-1.2678556,-0.35979578,-1.1243678
2021-05-20,-0.11393833,0.5074667,-1.0389062,0.22613482,0.23877423
2021-05-21,-0.37337628,-0.64649343,-1.5754538,-0.7960581,-0.66608256
2021-05-24,-0.34173715,-0.47202265,-1.4456817,0.005110503,0.23787104
2021-05-25,-0.21035802,-0.1041426,-2.0195076,-0.23643653,-0.22137865
2021-05-26,-0.2289554,-0.3322314,-1.847394,-0.741203,-0.42964002
2021-05-27,-0.18927619,-0.3084244,-1.884019,0.10820795,-0.7106403
2021-05-28,-0.3919248,-0.25273287,-1.9757878,-0.7746914,-0.51578826
2021-06-01,-0.4101013,-2.2974758,-1.9021903,-0.90934,-0.47167832
2021-06-02,-0.35614777,-2.3003726,-1.9095687,-0.6369658,-1.348459
2021-06-03,-0.29105514,-1.084028,-2.5643423,-0.5850761,-0.87388146
2021-06-04,-0.5799453,-1.4028732,-2.2753,-0.4711744,-0.23720297
2021-06-07,-0.6792546,-0.9257008,-2.0735002,-1.0037426,-0.480366
2021-06-08,-0.55935436,-0.14895758,-0.9170783,-0.8002641,0.40288833
2021-06-09,-0.81647706,-0.15335652,-2.40228,-0.29496711,-0.8793786
2021-06-10,-0.93896437,-0.2504154,-2.1707976,-0.32441282,-0.18694243
2021-06-11,-0.8469841,-0.28036922,-2.2674406,-0.7858769,-0.5886907
2021-06-14,-0.5567819,0.035694484,-1.5062584,-0.2828215,-0.8815831
2021-06-15,-0.738826,-0.958171,-1.8009284,-0.44579473,-0.36430922
2021-06-16,-1.0005939,-1.0622916,-1.756691,-0.51489466,-0.18532772
2021-06-17,-1.011243,-2.0708404,-1.2952307,-0.55419266,-0.5278424
2021-06-18,-0.3989149,-2.2543106,-1.6553863,-0.91449624,-0.10087942
2021-06-21,-0.4534291,-2.3476887,-1.1588309,-0.20540258,0.12338259
2021-06-22,-0.6071165,0.081359625,-1.0545862,-0.738036,-0.09367074
2021-06-23,-0.74016625,-0.38441354,-0.78136855,-0.4407454,-0.6670104
2021-06-24,-0.6711316,-0.6192048,-0.7634605,0.12183453,0.22157203
2021-06-25,-0.89127034,-0.21728437,-0.8612065,-0.76432234,-0.8587478
2021-06-28,-0.90796214,-0.6647961,-0.9125299,-0.3564787,-0.3973886
2021-06-29,-0.59930325,0.024046715,-1.1034194,-0.37842375,-0.84496665
2021-06-30,-0.47782785,-0.75059557,-1.341513,-0.40050572,-1.4204469
2021-07-01,-0.58365774,-2.288463,-1.1570406,-0.9211173,-0.26473662
2021-07-02,-0.98816293,-2.3078191,-1.0070351,-0.98354334,-0.16087654
2021-07-06,-0.614137,-2.2136042,-1.5958824,-0.39285886,-0.41631678
2021-07-07,-1.1325761,-0.034540415,-1.3654913,-0.80048573,-0.8751929
2021-07-08,-0.43720722,-0.021781933,-1.6529818,-0.6252887,0.08373769
2021-07-09,-0.5698311,-0.259662,-1.1533926,-0.02637099,0.19425292
2021-07-12,-0.61460775,-0.46643934,-1.4316996,-0.8171552,-0.9270798
2021-07-13,-0.46281156,-0.11838692,-1.1539955,-0.16938381,-0.7496995
2021-07-14,-0.8914734,-0.0322083,-1.2753649,-0.37614617,-0.83471197
2021-07-15,-1.1827974,-0.32843068,-1.2054536,-0.2035903,-0.7464204
2021-07-16,-0.68475574,-0.06182791,-1.5213643,-0.47480187,0.008081898
2021-07-19,-0.4611004,0.15661941,-1.2954922,-0.73651487,-0.2846719
2021-07-20,-0.48771074,-0.7060551,-1.1144247,0.04506252,-0.11867403
2021-07-21,-0.65274096,-0.11436302,-0.65697855,0.23566017,0.0684455
2021-07-22,-0.30922103,0.076068446,-0.75692326,-0.34198385,-0.466966
2021-07-23,-0.40638286,0.53513575,-0.29026243,0.26295403,0.2520138
2021-07-26,-0.5379748,0.14724155,-0.6952607,-0.33820507,-1.057668
2021-07-27,-0.20793913,0.4566055,-0.7189025,-0.27630302,0.07191524
2021-07-28,-0.46318936,-0.24874151,-0.85535103,-0.44115883,-0.33338636
2021-07-29,-0.43483,-0.28670967,-1.1302909,-0.7793939,-0.34405988
2021-07-30,-0.60755664,-0.10363458,-0.9737143,-0.25860044,-0.0634399
2021-08-02,-0.7774793,-0.65009296,-1.1648659,-0.22070232,-0.77636987
2021-08-03,-0.79578817,-2.4767096,-0.77848303,-0.9703193,-0.17655082
2021-08-04,-0.60557365,-2.291174,-1.0391331,-0.24416304,-0.10016196
2021-08-05,-0.7834541,-0.7235058,-0.9390426,0.10841213,0.18969107
2021-08-06,-0.65807045,-0.2163908,-1.0945114,-0.30944553,-1.4473426
2021-08-09,-0.46729195,-0.24833973,-1.1751286,-0.38258752,-0.64538944
2021-08-10,-0.5246416,-0.23119208,-1.2621328,-0.38941434,-0.6948336
2021-08-11,-0.70669514,-0.2920391,-1.307171,-0.34870148,-1.4139462
2021-08-12,-0.5099512,-2.2349312,-1.5389495,-0.95704305,-0.4696824
2021-08-13,-0.5403874,-2.1223283,-1.5307475,-0.45575193,-1.3755102
2021-08-16,-0.65884453,-0.85393304,-2.0480442,-0.5663641,-0.7235812
2021-08-17,-0.91687894,-0.84481853,-2.002573,-0.59293956,-0.18947975
2021-08-18,-0.39517885,-2.3377814,-1.6157235,-0.540964,0.040537596
2021-08-19,-0.7101506,-0.6047786,-1.5982383,-0.34865826,-0.79823583
2021-08-20,-0.7852206,-0.040336993,-1.280854,-0.81190795,-0.058011618
2021-08-23,-0.8733033,0.0004950727,-1.2212076,0.22708334,0.079455234
2021-08-24,-0.85804653,-0.4764844,-1.2639147,-0.38784856,-1.3845134
2021-08-25,-1.3148868,-0.2641195,-1.0785911,-0.36768845,-0.35749075
2021-08-26,-0.8324452,-0.4975743,-1.2776557,-0.3214078,0.182396
2021-08-27,-0.58173054,0.034293253,-0.9829558,0.21401522,0.106095865
2021-08-30,-0.6698067,-0.74408984,-1.2146739,-0.8123096,-0.16675416
2021-08-31,-0.6248907,-0.6639595,-1.3662187,-0.43989572,-1.37208
2021-09-01,-0.4822268,-0.45099038,-1.3938054,-0.48097286,-0.7227362
2021-09-02,-0.6167765,-0.40417838,-1.4914874,-0.38691399,-0.70933217
2021-09-03,-0.8287102,-0.38425294,-1.4748691,-0.43869382,-0.65009546
2021-09-07,-1.0649233,-0.22736423,-1.6780713,-0.26443416,-0.78139436
2021-09-08,-0.9453223,-2.1042228,-1.4167274,-0.47869942,-1.2809311
2021-09-09,-1.1241484,-2.1098616,-1.5129038,-0.6088626,-0.13047722
2021-09-10,-1.7070073,-2.131865,-1.5623096,-0.4679045,-0.21140115
2021-09-13,-1.5722196,-1.9148779,-1.5823448,-0.56377935,-0.300778
2021-09-14,-1.3414547,-0.21474865,-1.4355407,-0.35616246,0.19539958
2021-09-15,-2.1712615,-0.34513023,-1.2410698,-0.7943699,0.012433755
2021-09-16,-1.8667066,-0.40721682,-1.3838345,-0.22156215,-1.1750882
2021-09-17,-1.2977421,-0.54108125,-1.2210455,-0.5958286,0.14004572
2021-09-20,-1.3867291,-0.8706999,-1.3037211,-0.51677537,0.023868171
2021-09-21,-0.9668761,-0.7846138,-1.177004,-0.29508302,-0.60793513
2021-09-22,-0.86095834,0.43592212,-0.49655032,-0.7501788,0.10082384
2021-09-23,-0.63219684,0.39757043,-0.5923506,0.26391417,0.2141642
2021-09-24,-1.1011945,-0.30283254,-0.093425564,-0.052631054,-1.582333
2021-09-27,-0.7130158,-0.23870216,-0.16273248,-0.28574064,-0.78932977
2021-09-28,-0.94326776,-0.5168895,-0.22254133,-0.51133436,-0.17256269
2021-09-29,-1.1039248,-0.82062954,-0.17791645,-0.26618955,-1.2850766
2021-09-30,-0.5245915,-0.35679743,-0.81096953,-1.0211816,0.03390577
2021-10-01,-0.38409156,-0.632613,0.28970775,-0.6729731,-0.063640825
2021-10-04,-0.3790958,-0.77884656,-0.6974246,-0.7625513,-0.005348281
2021-10-05,-0.26605672,0.010469191,-0.4065827,-0.6579419,0.039748725
2021-10-06,-0.2981171,-0.3050459,-0.45049074,-0.4966929,-0.36007348
2021-10-07,-0.18528041,-0.076459475,-0.25791782,-0.46314958,0.025740352
2021-10-08,-0.1667825,-0.046503544,-0.59710884,-0.3034944,-0.13604376
2021-10-11,-0.17764367,-0.6309916,-0.5889208,-0.1981789,0.10722073
2021-10-12,-0.36346167,-0.5710237,-0.6261325,-0.26841715,-0.72242206
2021-10-13,-0.36591077,-0.15331602,-0.46610126,-0.2716118,-0.7281561
2021-10-14,-0.34931892,-0.26131153,-0.17159493,0.0883482,-0.016432328
2021-10-15,-0.29561737,-0.3996356,0.10707081,-0.472159,0.049217325
2021-10-18,-0.29112458,-0.84684765,-0.4525099,-0.38833627,-0.7077195
2021-10-19,-0.22675578,0.15666449,-0.22358197,-0.47018537,0.029349292
2021-10-20,-0.43650392,-0.82497865,-0.48802903,-0.38783565,-0.6939274
2021-10-21,-0.42402402,0.20929204,-0.5817141,-0.3349592,-0.6183177
2021-10-22,-0.37195855,0.042619664,-0.7107225,-0.25227228,-0.40688276
2021-10-25,-0.38278052,-0.00657997,-0.07365897,-0.2454894,-0.04587912
2021-10-26,-0.26565567,-2.2580853,-0.19446053,-0.33045858,-0.6597055
2021-10-27,-0.44789147,-2.3201268,-0.29385436,-0.5867378,-0.10457285
2021-10-28,-0.3357616,-2.525599,0.023885222,0.10115101,-0.08586888
2021-10-29,-0.53897333,-2.3276896,0.31604233,-0.21439365,-0.28251618
2021-11-01,-0.53557795,-0.0840006,0.30344012,-0.10239701,-0.7601951
2021-11-02,-0.5798375,-0.16874498,0.46980283,-0.21213187,-0.6338386
2021-11-03,-0.70691615,-0.51236004,-0.40166476,-0.3629372,0.057907876
2021-11-04,-1.0508077,-0.020495959,-0.4058596,-0.1492354,-0.2120961
2021-11-05,-1.0319952,-0.0723281,-0.5452996,-0.21532093,-0.6922168
2021-11-08,-0.84034175,-0.5311396,-0.6024671,-0.2615848,-0.44867933
2021-11-09,-0.6851109,0.06721907,-0.75117296,-0.07476391,-0.6696642
2021-11-10,-0.77793956,-0.28269973,-0.8648353,-0.5279295,0.01499946
2021-11-11,-1.2343291,0.46596247,-0.7658452,-0.15326507,-0.0725726
2021-11-12,-0.85589814,-0.0045358855,-0.6179012,-0.27581805,0.007827779
2021-11-15,-1.240017,0.25733054,-0.7804133,-0.21612026,-0.40781766
2021-11-16,-1.3375324,-0.1020229,-0.76676095,-0.2609572,-0.65330315
2021-11-17,-0.77955294,-0.07527972,-0.6325347,-0.53541183,-0.73413265
2021-11-18,-0.91867685,-0.16638632,-0.6554988,-0.3181435,-0.67150646
2021-11-19,-0.79100525,0.27421734,-0.79083824,-0.3798053,-1.1725429
2021-11-22,-1.1160246,0.22029582,-0.7850598,-0.5649025,-0.64967996
2021-11-23,-1.1057047,-2.066032,-0.76891655,-0.28769785,-1.1994327
2021-11-24,-1.2395374,-2.118197,-0.73578113,-0.30201736,-0.2725461
2021-11-26,-0.98707455,-0.5181892,-0.81022274,0.9672056,0.22633508
2021-11-29,-1.6944493,-2.240293,-0.8621,-0.14583577,-0.13492085
2021-11-30,-0.6128982,-0.50645757,-0.7971186,-0.7458762,-0.035186492
2021-12-01,-0.43047613,-0.2693065,-0.78163713,-0.98329604,0.03504694
2021-12-02,-0.3437725,-0.06706428,0.103907846,0.15589908,-0.04373353
2021-12-03,-0.46435967,-0.21052821,0.14563762,-0.4947235,0.16660625
2021-12-06,-0.3600063,-0.1077755,0.058856428,-0.9176029,-0.004293255
2021-12-07,-0.34739593,-0.019691646,0.09785095,-0.16947234,0.013379617
2021-12-08,-0.33310786,-0.4829304,0.2181563,-0.23712762,-0.8769615
2021-12-09,-0.07797003,-0.7386418,0.40624607,-0.3930232,-0.0013836479
2021-12-10,-0.78591067,-0.33732435,0.2807852,-0.79938847,0.045224283
2021-12-13,-0.7047716,-0.2584691,0.78727853,-0.14947256,0.105726175
2021-12-14,-0.6124871,-0.28367347,0.7811337,0.097272746,0.11438494
2021-12-15,-0.7817011,-0.52645826,0.41376638,-0.040663205,-0.21655436
2021-12-16,-0.73283744,-0.08059359,0.66431856,-0.3398276,0.16977032
2021-12-17,-0.8301135,0.26496515,0.34698147,-0.2949501,0.1376804
2021-12-20,-0.7888347,0.24200818,0.4657918,-0.35869193,0.010498486
2021-12-21,-0.86147565,0.05579737,0.20752344,-0.17331555,0.035995096
2021-12-22,-0.8481758,0.09259923,0.25145978,-0.8214806,0.08673362
2021-12-23,0.4379923,-0.3552853,0.013340216,-0.36046347,0.21365805
2021-12-27,0.3378259,-0.5877694,0.30326703,0.21562955,-0.0110316025
2021-12-28,-0.061128408,0.047162067,0.43843123,-0.17544422,-0.42113194
2021-12-29,0.38777098,-0.47050557,0.42429554,-0.12211173,-1.212177
2021-12-30,-0.14016505,0.2443844,0.38373435,-0.26123804,-0.62021554
2021-12-31,-0.7501054,-0.16218318,0.64401793,-0.29573038,-0.54776585
2022-01-03,-0.82836056,0.35639775,0.55153656,-0.27413622,-0.04039261
2022-01-04,-0.39445168,-0.19370598,0.63001204,-0.04598117,-0.30729938
2022-01-05,-0.4134548,-0.47451982,0.30981383,0.18432567,-0.27574533
2022-01-06,-0.36226773,-0.62477684,0.16115163,-0.38327926,-0.24545534
2022-01-07,-0.7455769,-0.5112164,0.69057524,-0.3031063,-0.1573289
2022-01-10,-0.75665146,-0.45115516,0.4338295,-0.1934866,-1.25089
2022-01-11,-0.35872507,-0.43289658,0.47748125,-0.78474903,0.10188047
2022-01-12,-0.05302769,-0.12034072,0.4997143,-0.17798334,-0.45190528
2022-01-13,-0.15453012,-0.6746938,0.56051743,-0.29423344,-0.12164302
2022-01-14,-0.27014032,-2.1329126,0.5837767,-0.16979463,-0.31110013
2022-01-18,-0.15237468,-0.0020866005,0.6946647,0.051161975,-0.046805367
2022-01-19,-0.41979012,-0.043391712,0.6648994,-0.41156298,0.16385064
2022-01-20,-0.6899189,-0.11415834,0.6185797,-0.45968866,-0.057243276
2022-01-21,-0.710539,-0.34064734,0.6732784,-0.26003087,-0.08941947
2022-01-24,-0.7486074,-0.27961135,0.46041733,-0.23990202,-0.45518014
2022-01-25,0.33052623,-0.31064767,0.5423797,-0.44672915,0.052975327
2022-01-26,-0.72087634,-0.33934456,0.17614214,-0.23262244,-1.2262281
2022-01-27,-0.022803226,-0.30262852,0.04133505,-0.27690423,-0.026674952
2022-01-28,-0.84282255,-0.082724616,-0.43870273,-0.19511402,-0.17188478
2022-01-31,-0.8434095,-0.9504646,-0.2947903,-0.3207685,0.02559989
2022-02-01,0.22533476,-0.5684688,-0.17897268,-0.45030543,0.03136182
2022-02-02,0.23836689,-0.310499,-0.037140235,-0.80649275,-0.0073822583
2022-02-03,0.018864203,-0.9624224,0.22804216,-0.9138179,-0.17942247
2022-02-04,0.29679278,-0.36317894,-0.17567351,-0.51350397,0.028602831
2022-02-07,0.1355056,-0.2987633,-0.027278135,-0.17811583,-0.9461313
2022-02-08,0.3953839,-0.18343604,-0.30126995,-0.7563955,0.03510718
2022-02-09,0.08695318,0.0011337553,-0.38210014,-0.1733061,-0.10605914
2022-02-10,-0.22128333,0.11035246,0.010995215,-0.17055787,-0.11731659
2022-02-11,-0.06591355,-0.8372896,-0.033588193,-0.3620972,-0.09409238
2022-02-14,0.12503502,-0.21121892,-0.051505987,-0.29774445,-0.65411294
2022-02-15,0.17757402,-0.6114707,-0.061844125,-0.044331364,-0.26876724
2022-02-16,0.21208242,-0.7597516,0.0850084,-0.06052956,-0.33483803
2022-02-17,-0.059141874,-0.66492766,0.27736628,-0.6065137,-0.22820318
2022-02-18,0.23259936,0.073390804,0.034896724,-0.24964954,0.048996948
2022-02-22,0.021297919,-0.617158,0.23744632,-0.2767961,0.113978475
2022-02-23,-0.10766065,-0.3777532,0.22610697,-0.053311486,-0.09851578
2022-02-24,-0.0067245215,-0.957136,-0.30168217,-0.20464173,0.1266833
2022-02-25,-0.1686373,-0.009709621,-0.37993392,-0.503592,-0.4662367
2022-02-28,-0.16929318,-0.04019999,0.42754933,0.11579738,-0.4231161
2022-03-01,-0.26792774,-0.34831762,-0.48835498,-0.6552721,-0.5648017
2022-03-02,-0.20646049,-0.47958636,-0.013712773,0.018214256,-0.27695698
2022-03-03,-0.26364753,-0.029500268,0.42376775,-0.0931241,-0.04077111
2022-03-04,-0.09249423,-0.14858758,-0.104403414,-0.38263384,0.027449254
2022-03-07,-0.60341465,-0.3971952,-0.01265009,-1.0162084,-0.47221994
2022-03-08,-0.0052658357,-0.14423256,0.2479405,-0.2971849,0.035096835
2022-03-09,0.56914085,0.1446948,-0.5729707,0.034078397,-0.446118
2022-03-10,-0.6919176,-0.20470157,0.23231038,-0.2219944,0.00047384482
2022-03-11,0.60813516,-0.1715819,-0.8205516,-0.6164232,-0.092140846
2022-03-14,0.6165792,-0.101271674,-0.23407492,-0.21330531,0.055185314
2022-03-15,0.54618704,0.15326247,-0.47603673,-0.24885488,-0.4238126
2022-03-16,-0.72188795,-0.37385464,-0.55533034,-0.5229297,-0.44637448
2022-03-17,0.54001737,0.15132964,-0.2473646,-0.84212357,-0.19297339
2022-03-18,0.792263,0.3047607,-0.8228315,-0.8300389,-0.15949354
2022-03-21,0.5563838,0.13842165,0.03398861,0.014360938,-0.6843843
2022-03-22,0.7210105,0.3320268,-0.022089576,-0.49484465,-0.2716046
2022-03-23,-0.9929792,0.2532076,-0.07574804,-0.440627,-0.10733968
2022-03-24,-0.7402174,-0.54285216,0.016613988,-0.13320208,-0.2028744
2022-03-25,-0.7518684,-0.62702405,0.26005673,-0.30997097,0.0063306335
2022-03-28,-0.7307379,-0.12633449,0.17754678,-0.20168501,-0.08500438
2022-03-29,-0.09884532,-0.6719036,-0.15164863,-0.9317499,-0.1501408
2022-03-30,-0.03886023,-0.10965148,-0.013358019,-0.30218315,0.10856349
2022-03-31,-0.16354848,-0.05564898,-0.101637706,-0.32305723,-0.32846758
2022-04-01,-0.057506092,0.1765125,0.25823805,-0.35978794,-0.6026934
2022-04-04,0.084210806,-0.13041484,0.1349049,-0.7213128,0.012847627
2022-04-05,-0.0056628417,-0.027458442,0.37887147,-0.2770557,0.031139962
2022-04-06,0.023296079,-0.0840607,0.43108103,-0.3724811,0.13255313
2022-04-07,0.13546035,-0.01062078,0.06900629,-0.40547484,-0.07299885
2022-04-08,0.18398005,-0.121749006,-0.03710791,-0.21421209,-0.5039351
2022-04-11,-0.17836931,0.32812712,0.12044781,-0.41245434,-0.12090992
2022-04-12,-0.15571424,0.41960186,0.093233556,-0.059644293,-0.6302664
2022-04-13,0.11054368,-0.23610574,-0.18597107,-0.67013174,-0.1273856
2022-04-14,-0.084559426,-0.084885746,0.1464901,-0.2761455,0.07291549
2022-04-18,-0.0068816533,-0.24385332,0.06656594,-0.061336678,-0.72200537
2022-04-19,0.076226465,-0.32529518,-0.4163524,-0.16919245,-0.25976118
2022-04-20,0.18265185,-0.22627534,0.08929077,-0.01827316,-0.26441568
2022-04-21,-0.117882274,-0.26948243,0.046726692,-0.291658,0.07035825
2022-04-22,-0.12197798,-0.0923687,0.099250935,-0.057946008,-0.1523978
2022-04-25,0.16771331,-0.41080916,0.62130207,-0.21381964,0.22044155
2022-04-26,-0.31130707,-0.94825983,0.008876759,-0.9177421,-0.16321479
2022-04-27,0.2204179,-0.26111743,0.5560111,-0.26452568,0.05465019
2022-04-28,-0.50039405,0.5179622,0.47414556,0.0067565655,-0.10102105
2022-04-29,-0.1413823,-0.9280383,0.28560495,-1.0046319,-0.10710161
2022-05-02,-0.640499,-0.12296552,0.15816823,-0.83245355,0.04923526
2022-05-03,0.94783956,0.2775762,0.43670443,-0.49375588,-0.0878553
2022-05-04,1.065221,0.7085617,0.37303254,0.02624366,-0.057167467
2022-05-05,0.80610627,-0.8134523,0.7033955,-0.78384423,-0.06531123
2022-05-06,0.72106797,0.28990915,0.6580733,-0.111137934,0.06762171
2022-05-09,0.28634268,-0.58240294,-0.16799255,-0.85228825,0.02375297
2022-05-10,-0.17122038,-0.046124205,0.42952925,-0.7678846,-0.626084
2022-05-11,-0.40162385,-0.5954253,0.31823653,-0.011230748,-0.24614638
2022-05-12,0.4024761,-0.6839463,0.46822238,-0.39527538,-1.2167494
2022-05-13,0.41293702,-0.02027421,0.36977774,-0.04822745,-0.1525482
2022-05-16,-0.34011227,-0.43078732,0.56302017,-0.44038612,-0.27000004
2022-05-17,-0.031284302,0.27913326,0.41730076,-0.14654297,-0.04531196
2022-05-18,-0.4619163,-0.361003,0.7431432,0.13157493,-0.17714363
2022-05-19,-0.38048816,-0.40954924,0.3098127,-0.24168888,-0.00981254
2022-05-20,-0.17575932,-0.2267081,-0.2919557,-0.42882845,-0.5099468
2022-05-23,-0.2037925,-0.12405025,-0.16324767,0.20471197,-0.12629135
2022-05-24,-0.24624027,0.09235994,0.1483795,-0.2458669,-0.10619601
2022-05-25,-0.24319147,-0.42225674,0.22224246,-0.115350746,-0.07696974
2022-05-26,0.040628377,0.1420547,0.25280344,0.035349578,-0.0753909
2022-05-27,-0.5027886,-2.9959424,0.2786518,-0.8498627,0.08282104
2022-05-31,-0.21152376,-0.6136569,0.2629642,-0.2628296,-0.03477063
2022-06-01,-0.05871286,-0.023775619,0.29443902,-0.39651382,0.041685373
2022-06-02,-0.16472217,-0.5045591,0.5220711,0.050268687,0.002762785
2022-06-03,-0.31810328,-0.31185856,0.119216725,-0.50076044,-0.15069966
2022-06-06,-0.08395005,-0.18256797,0.23003122,-0.033978403,-0.7750453
2022-06-07,-0.40280172,-0.42924413,0.21992813,-0.42228067,-0.040088516
2022-06-08,0.5717867,-0.2223051,-0.21127333,-0.16498914,0.01116542
2022-06-09,0.4103248,-0.85918164,-1.2832015,-0.6304202,-0.2141231
2022-06-10,0.44751674,-0.32587308,-1.2327456,-0.25066867,-0.09371004
2022-06-13,0.59704375,-0.2786631,0.09020913,-0.10194249,-0.09040787
2022-06-14,-0.21090488,0.2673558,-1.2093439,0.09161342,-0.7305963
2022-06-15,-0.02794557,-0.39592212,0.19515291,0.24474695,-0.29245225
2022-06-16,-0.013491974,-0.6733402,-0.24346933,-0.4124856,0.051660493
2022-06-17,-0.03356888,-0.32879448,-0.10636845,0.22703293,-0.15865363
2022-06-21,0.10325142,-0.100789495,0.48786104,-0.010465147,-0.18374094
2022-06-22,-0.03981638,0.06553417,0.11612746,0.38857234,-1.0237991
2022-06-23,-0.25613838,-0.8052351,0.14842963,-0.123996034,-0.058835283
2022-06-24,-0.049656074,-0.8222855,-0.16355664,-0.42477313,-0.16978993
2022-06-27,0.31389862,-0.43193516,-1.0764732,-0.81294876,-0.8338787
2022-06-28,-0.29427832,-0.0987617,0.049464084,-0.26567027,-0.1989938
2022-06-29,-0.18645671,-0.22339824,0.0048857844,0.3427178,-0.43548995
2022-06-30,-0.47692728,-0.52212435,0.028689845,-0.36581308,-0.0028575389
2022-07-01,-0.4685146,-0.7241735,-0.7201102,0.03986492,0.28108108
2022-07-05,-0.5080103,-0.6494158,-1.129987,-0.061536737,-1.3055454
2022-07-06,-0.5681373,-0.6693663,-1.0325035,-0.3371425,-0.84259695
2022-07-07,0.23938194,-0.84220546,-0.8161163,-0.08342271,0.11027834
2022-07-08,-0.10112306,-1.5865034,-1.3813397,-0.1775685,-0.60276544
2022-07-11,0.14247328,-2.7597601,-0.5364596,-0.43965244,-0.18533821
2022-07-12,0.13315946,-2.7728913,-0.9767915,-0.5609824,-0.2001835
2022-07-13,0.18141429,-2.702313,-1.0390613,-0.8885819,-0.25914124
2022-07-14,0.23055202,-0.5727837,-1.3807311,-0.9138137,-0.9500721
2022-07-15,0.281137,-0.5865514,-0.99551356,-0.30915564,-0.06848123
2022-07-18,-0.8000029,-2.6381493,-1.2672368,-0.53023225,-0.18812487
2022-07-19,0.32646286,-0.7753645,-0.9338138,-0.5614946,-0.24384019
2022-07-20,-0.72932607,-0.80265516,-1.2317821,-0.34806743,-0.10339754
2022-07-21,0.62975574,0.31551653,-0.7769964,0.15292002,0.2817421
2022-07-22,0.53858775,0.34939826,-1.1414455,-0.4241809,0.04817252
2022-07-25,0.5089385,0.37447864,-1.3019638,0.019311812,-1.3654739
2022-07-26,-0.670794,-0.09434363,-1.2557418,-0.3436751,0.11652088
2022-07-27,-0.59301805,-0.26036528,-1.103837,-0.5302063,-0.2146809
2022-07-28,-0.14838365,-1.0933372,-1.4542892,0.13535295,0.035985496
2022-07-29,0.541366,-0.46843567,-0.8891219,0.13112947,-0.066799946
2022-08-01,0.36833978,-0.5687318,-1.258939,-0.7832822,-0.79228
2022-08-02,0.39897162,0.34323636,-1.1212,-0.28953448,0.07985367
2022-08-03,-0.66898984,0.1576295,-1.066173,0.08817405,-0.2590381
2022-08-04,-0.2271859,-0.76823586,-1.6581047,0.24007766,-0.66092634
2022-08-05,-0.17679761,-0.2828364,-1.755124,-0.71857685,-1.381673
2022-08-08,-0.1443418,-0.24701057,-2.1753304,0.10652425,-0.7309715
2022-08-09,-0.43187597,-2.5449765,-1.8784606,-0.90136224,-0.46437976
2022-08-10,-0.26545918,-2.52326,-1.5846031,-0.4623705,-0.20080413
2022-08-11,-0.19545834,-2.521601,-1.8554103,-0.032352507,-0.5547212
2022-08-12,-0.18495342,-0.4825312,-1.9328718,-0.41532898,-0.07923216
2022-08-15,-0.109181724,-0.39265513,-2.103615,-0.24112289,-0.6701782
2022-08-16,-0.15839817,-0.42209163,-2.0175655,-0.10787307,-0.3583738
2022-08-17,-0.12627311,-0.2873045,-1.841635,-0.25821215,-0.011598212
2022-08-18,0.11500537,-0.42312843,-1.9999032,-0.10229381,-0.3317906
2022-08-19,-0.089756906,-0.081815265,-2.1234388,-0.21102068,-0.1053232
2022-08-22,-0.2351394,-0.270697,-2.5298586,-0.7571375,-0.3709953
2022-08-23,-0.19131404,-0.43087795,-2.3033943,-0.81374276,-0.34630474
2022-08-24,-0.07722415,-0.49617103,-1.9614738,-0.1745344,-0.99455297
2022-08-25,-0.109132715,-0.4491001,-1.7477762,-0.18841848,0.053564712
2022-08-26,-0.4083722,-0.065707676,-2.0954795,0.14769591,-0.15810402
2022-08-29,-0.1291269,0.24839729,-1.6247568,-0.2285102,0.063272834
2022-08-30,-0.6710342,0.38726828,-1.0462937,-0.44831786,0.044996213
2022-08-31,-0.14566582,-0.15000641,-1.4185778,-0.3207708,-0.016363718
2022-09-01,-0.2699554,0.06195786,-1.9441451,-0.012899892,-0.98360044
2022-09-02,-0.17577519,-0.08577895,-1.5862455,-0.48647857,0.15986563
2022-09-06,-0.2414506,0.021439012,-1.8198951,-0.75642174,-0.39482036
2022-09-07,-0.24757832,-0.6016287,-1.9363893,-0.47959968,-0.12751445
2022-09-08,-0.17616159,-0.75379187,-1.9241716,-0.5297184,-0.1266847
2022-09-09,-0.10804889,-0.37263694,-1.9062866,-0.16229212,-0.25343078
2022-09-12,-0.013681469,-0.19547136,-1.8045744,-0.07386733,0.35881633
2022-09-13,-0.33160952,-0.052770946,-1.8613352,-0.36070594,-0.518045
2022-09-14,-0.21866605,-0.22771084,-2.1444306,-0.11320584,-0.9521787
2022-09-15,0.5672299,0.46236244,-0.830501,-0.54030037,0.09970096
2022-09-16,0.5581574,0.63664603,-1.1867741,-0.6487473,-0.023329986
2022-09-19,0.5605752,0.68199897,-1.2829391,0.2548576,-0.15682717
2022-09-20,0.5364128,-0.414497,-1.647688,-0.56024164,-0.013234776
2022-09-21,0.42963526,-0.43194166,-1.8863113,-0.5015394,-0.16262287
2022-09-22,-0.8380244,-2.6066055,-1.7267637,-0.3911829,-0.16115727
2022-09-23,0.115491465,-0.5449019,-2.2035851,-0.37640798,-0.21700029
2022-09-26,-0.65384144,-0.24835943,-1.9081417,-0.3979212,0.14477815
2022-09-27,-0.59766996,-0.48532647,-2.0934644,0.15878291,-0.2959949
2022-09-28,-0.56110764,-0.052858494,-1.5492235,-0.20158732,-0.16251773
2022-09-29,-0.14588395,-0.29781517,-2.2888293,-0.3252044,-0.3150319
2022-09-30,-0.6805453,0.029872846,-1.7348528,-0.21084358,-0.3903738
2022-10-03,0.6041835,0.16558032,-1.7517115,-0.3515911,-0.23620136
2022-10-04,0.7178537,0.42045507,-1.609552,-0.39359182,-0.11435141
2022-10-05,0.5132363,0.1418255,-1.3650388,0.3523183,-0.0851499
2022-10-06,0.5926594,-0.5222894,-1.0187582,-0.5394649,0.16498537
2022-10-07,0.661583,-0.1785515,-1.2871962,-0.7243945,-0.053717773
2022-10-10,0.4704471,0.01758383,-1.2804681,-0.69993526,0.021097384
2022-10-11,0.58049643,-0.07385534,-1.0683237,-0.743192,0.0427337
2022-10-12,0.5360029,-0.30146044,-1.2452022,-0.68367934,-0.89586765
2022-10-13,0.49641106,-0.8667831,-1.267292,-0.533546,-0.19981287
2022-10-14,0.23887488,-0.59239495,-1.567927,-0.8420255,-0.22877261
2022-10-17,0.8659635,0.38715664,-0.9472351,-0.24459593,-0.1303751
2022-10-18,0.51741785,-0.74228704,-0.7397206,0.3373327,0.24714592
2022-10-19,-0.4425793,-0.31791618,-1.0445553,-0.69880193,0.0092175165
2022-10-20,0.43980289,-0.21458355,-1.12903,-0.15654893,0.02013544
2022-10-21,0.7158389,-0.08381545,-0.90826285,-0.18457416,-0.08475873
2022-10-24,0.51224786,-0.7370183,-0.82540554,0.32314542,0.15801238
2022-10-25,0.59909296,-0.7295807,-0.86567545,0.03457108,-0.2285496
2022-10-26,0.2693318,-0.5044496,-1.2201912,-0.7230794,0.021327797
2022-10-27,0.1762044,-0.5794347,-1.2348802,-0.75246966,0.03480662
2022-10-28,0.447198,-0.863297,-1.2692401,-0.5490434,-0.21995051
2022-10-31,0.27449054,-0.6079712,-1.5154715,-0.7287179,-0.015424288
2022-11-01,0.3527654,-0.2713499,-1.1098341,-0.89623487,-0.4391145
2022-11-02,0.3556007,-0.59339446,-1.7336162,-0.59050554,-0.17257364
2022-11-03,0.30499935,-0.5141982,-1.665003,-0.41471183,0.14950223
2022-11-04,0.6226134,-0.6770534,-0.8342199,0.14422685,0.06124492
2022-11-07,0.65313095,0.34689912,-1.0333892,0.17617537,0.23569594
2022-11-08,0.18207936,-0.8029724,-1.3017406,-0.4153424,-0.23761493
2022-11-09,0.30790886,-0.25538576,-1.7244186,-0.27553847,-0.3037261
2022-11-10,0.37356398,-0.45133594,-1.5941736,-0.82967126,-0.50384057
2022-11-11,0.23007031,-0.67842764,-1.5772698,-0.16683097,-0.072178654
2022-11-14,-0.34754738,0.41448918,-0.7680838,-0.3472965,0.106144235
2022-11-15,-0.31996134,0.63137823,-0.6071102,0.16179855,-0.004129005
2022-11-16,-0.35098496,0.5672191,-0.5319915,-0.36587048,0.017359994
2022-11-17,0.37008893,0.5187102,-0.7993883,-0.64850175,-0.9275607
2022-11-18,-0.24161716,-0.43531695,-0.5945187,-0.10789491,-0.16622852
2022-11-21,-0.62928313,-2.6780179,-1.0612774,-1.0237877,-0.88364935
2022-11-22,0.13221262,-2.9698496,-0.6221672,-0.15785941,-0.07555855
2022-11-23,-0.22867306,-1.8362612,-1.1693107,-0.82014596,-0.31260377
2022-11-25,-0.08724846,-2.757939,-1.0149591,-0.44744095,-0.84292835
2022-11-28,0.13404018,-2.6622665,-1.3087198,-0.3561768,-0.3720036
2022-11-29,0.020154279,-2.9187818,-1.514387,-0.41139954,-1.3571478
2022-11-30,0.4196152,-1.2375801,-1.5404637,-0.6700407,-0.190392
2022-12-01,0.05733938,-0.976211,-2.1875966,-0.37615004,-0.6505423
2022-12-02,0.38850123,-0.57517403,-1.267007,-0.06920901,-0.8370068
2022-12-05,0.43027726,-0.43340248,-1.5299177,-0.58629346,-0.10927897
2022-12-06,0.41647273,-0.4342241,-1.8566703,-0.24530968,-0.22412083
2022-12-07,0.48270285,-0.76956433,-1.741709,0.21040283,-0.28364295
2022-12-08,0.5155825,0.1298441,-1.4677995,-0.07361121,-0.11278001
2022-12-09,0.15174259,-0.2814766,-2.091964,-0.657343,-0.18537153
2022-12-12,-0.6189971,-0.8459579,-1.8832976,-0.11982765,-0.18956733
2022-12-13,-0.62035865,-0.3220189,-1.8602704,0.14165275,-0.17264035
2022-12-14,-0.8411175,-0.27389228,-2.0218952,-0.68594176,0.00078280875
2022-12-15,-0.30603525,-0.2855719,-2.2477238,-0.6768192,-0.27975705
2022-12-16,-0.14913519,-0.39451715,-1.7139722,-0.44672516,-0.13551733
2022-12-19,-0.7250127,-0.37178978,-1.7834004,-0.27838853,0.122638546
2022-12-20,-0.8265805,-0.6381392,-1.8607475,-0.13345341,-0.67763525
2022-12-21,-0.25622967,-0.40172514,-1.7803222,-0.17951643,0.13248499
2022-12-22,-0.13718797,-0.086534195,-1.9035988,-0.25055423,0.041908067
2022-12-23,-0.22275843,0.22104356,-1.75598,-0.47468367,-0.10815852
2022-12-27,-0.12049773,-0.32484138,-1.9984778,-0.79704756,-0.50769365
2022-12-28,-0.19300087,-0.26903847,-2.176687,-0.40008074,-0.042370837
2022-12-29,-0.16374207,-0.93911344,-2.1431851,-0.44279614,-0.09715756
2022-12-30,-0.1718351,-0.34777203,-2.4003928,0.17262343,-0.90230566
2023-01-03,-0.2578393,-0.467735,-2.101858,-0.79580975,-0.6991442
2023-01-04,-0.052678633,-0.34241092,-2.166518,-0.17966916,-0.073070765
2023-01-05,0.018112568,-0.2841833,-2.1519704,-0.42725092,0.014390513
2023-01-06,0.02041674,-0.34981474,-2.0647664,-0.7237033,-0.31570235
2023-01-09,0.06752941,-0.4249929,-2.2994554,-0.1456388,-0.67852324
2023-01-10,-0.22237596,-0.36039236,-1.9236634,0.10522699,-0.11028711
2023-01-11,-0.18115954,-0.17540902,-2.0093334,-0.21559922,0.082439475
2023-01-12,-0.10995918,-0.46880832,-2.0752897,-0.1485637,-0.93585247
2023-01-13,-0.14591084,0.16214041,-2.1389055,-0.1881556,-0.6563572
2023-01-17,-0.06409303,-0.41090733,-2.2354271,0.22171576,-0.19755419
2023-01-18,-0.32646677,-2.4582126,-1.5104722,-0.37483203,-0.38648248
2023-01-19,-0.23523203,-2.7512798,-1.3626332,-0.8959119,-0.19884461
2023-01-20,-0.109648965,-0.36302137,-1.4907392,-0.45306298,-0.070209056
2023-01-23,-0.0516886,-0.89017224,-1.4908812,-0.00469096,0.062970415
2023-01-24,-0.17403421,-0.5124088,-2.0646238,-0.09803389,-0.67558545
2023-01-25,-0.23502192,0.123685166,-1.3759104,-0.043225996,0.23074707
2023-01-26,-0.17508882,0.2236087,-1.2607733,0.0738926,0.103536084
2023-01-27,-0.0671508,-0.57024443,-1.9331782,-0.22144113,-0.9719
2023-01-30,-0.10162014,-0.13660812,-1.6375271,-0.2128236,-0.030182038
2023-01-31,-0.08560051,-0.5590639,-1.8726878,-0.32179236,-0.18785495
2023-02-01,-0.08173322,-0.42433503,-1.7648078,0.115377836,0.2160428
2023-02-02,-0.061962448,-0.057954405,-1.5102975,-0.2598703,0.15531754
2023-02-03,-0.1161132,-0.39347225,-1.52821,-0.4219244,0.18116693
2023-02-06,-0.12670937,0.26029846,-1.3300261,-0.73838246,0.20720226
2023-02-07,-0.11437715,-0.44875833,-1.3090703,-0.14079876,0.045392696
2023-02-08,-0.107873164,-0.4699049,-1.3711175,-0.48286194,0.009225069
2023-02-09,-0.08419345,-0.3797617,-1.6039029,-0.2549455,0.11744343
2023-02-10,-0.078272104,-0.6545562,-1.7108986,-0.20851631,-0.3692449
2023-02-13,0.035456326,-0.076591045,-1.4489077,-0.00069824606,0.15845826
2023-02-14,-0.013243735,-0.5320253,-1.9124265,-0.20163861,-0.8787596
2023-02-15,0.0019724844,-0.09371448,-1.7550473,-0.24607271,-0.8526451
2023-02-16,-0.2685574,-0.3599729,-2.3067129,-0.35681516,-0.027928334
2023-02-17,-0.67630017,-0.7744049,-2.2348833,-0.089099064,-0.7942582
2023-02-21,-0.25463542,-0.34406477,-2.4329038,-0.6666759,-0.17793292
2023-02-22,-0.6286969,-0.41267708,-2.0928843,-0.18441868,-1.3445427
2023-02-23,-0.12505427,0.144606,-1.6687069,-0.52572906,-0.2573928
2023-02-24,-0.07470492,0.25553754,-2.0432782,-0.37058592,0.1847137
2023-02-27,-0.7973111,0.19913857,-2.033789,-0.24642828,-0.9622125
2023-02-28,-0.7410718,-0.5940955,-1.6921517,-0.8357796,-0.9943222
2023-03-01,-0.70768994,-0.60845256,-1.6296811,-0.5713982,-0.20997058
2023-03-02,-0.63658804,-2.3215227,-3.3384333,-0.4380268,-0.2749468
2023-03-03,-0.2821729,-0.9012551,-3.6706088,-0.5277472,-0.34039086
2023-03-06,-0.3512203,0.26409557,-3.876256,-0.23041059,-0.24536589
2023-03-07,-0.60988706,-0.42539057,-2.0060208,-0.22600788,-0.35942551
2023-03-08,-0.6170429,-0.35384706,-3.618832,-0.17633282,-1.1435927
2023-03-09,-0.7152252,0.03875271,-1.9965101,-0.5486808,-0.19037037
2023-03-10,-0.67424124,0.11379958,-3.7301946,-0.20565768,-0.023149591
2023-03-13,-0.3691455,0.06897194,-2.0370872,0.038876332,-1.3462245
2023-03-14,-0.075250134,0.1484049,-1.5109837,-0.29422584,-0.17817406
2023-03-15,-0.27989262,0.1052685,-1.8548669,-0.7031821,0.04170435
2023-03-16,-0.058753468,0.10353098,-1.5179577,-0.29826507,-0.09684652
2023-03-17,0.076294295,0.15986072,-1.3792245,-0.5052072,-0.0073113097
2023-03-20,-0.110186815,-0.08247948,-1.5668858,-0.21889119,-0.018075481
2023-03-21,-0.12002703,-0.15853322,-1.5903742,-0.15340276,0.035907593
2023-03-22,-0.07053781,-0.3469402,-1.7303077,-0.41751108,-0.21922441
2023-03-23,-0.19085942,0.1837416,-1.8790723,-0.21376081,-0.9064858
2023-03-24,-0.064448856,0.13523556,-1.289441,-0.40201464,-0.15021203
2023-03-27,-0.13182393,-0.61690116,-1.625424,-0.17537898,-1.3356756
2023-03-28,-0.044422258,-0.19100314,-1.8124563,-0.15262902,-1.3268218
2023-03-29,-0.2761163,-0.4785771,-2.213728,-0.306283,-0.1012148
2023-03-30,-0.626989,-0.87352234,-1.9479282,-0.5588137,-0.068767816
2023-03-31,-0.3297156,-0.06106973,-2.2970576,-0.29415992,-0.16803662
2023-04-03,-0.69905233,-0.29478908,-2.181301,-0.24046399,-0.9283855
2023-04-04,-0.24028035,-0.48338515,-2.1866498,-0.72042066,0.13299118
2023-04-05,-0.6187343,-0.04700549,-1.9335439,0.1220009,-0.9320204
2023-04-06,-0.7068525,-0.23097557,-1.9224949,-0.21746372,-0.97506917
2023-04-10,-0.61541253,-0.26417568,-3.6994216,-0.19392323,-0.3502996
2023-04-11,-0.3101681,-0.68541783,-2.9721591,-0.16683133,0.09307049
2023-04-12,-0.19267705,-0.92583597,-3.9756486,-1.0307506,-0.39505696
2023-04-13,-0.34399733,-1.1032804,-3.9421597,-0.45625138,-0.22550379
2023-04-14,-0.2697026,-1.0453526,-4.0202847,-0.16130787,-0.26930022
2023-04-17,-0.3117222,-0.6618868,-3.6359956,-0.09354565,-0.7772235
2023-04-18,-0.23646855,-0.18054861,-3.8023093,-0.18703404,-0.42142338
2023-04-19,-0.11025814,-0.6815339,-2.9055614,-0.15494893,0.18555532
2023-04-20,-0.40568754,-0.66932416,-3.8027885,-0.63750243,0.064828515
2023-04-21,-0.44725877,-0.2006602,-3.9817345,-0.22447035,-0.30732048
2023-04-24,-0.4697072,-2.2573965,-3.5945237,-0.3917546,-0.4865321
2023-04-25,-0.46605492,-1.1400548,-4.179886,-0.47664008,-0.53698254
2023-04-26,-0.6482854,-0.84722185,-3.9668105,-1.00046,-0.8275338
2023-04-27,-0.5832017,-0.422397,-3.8028738,-0.28377292,-0.1469754
2023-04-28,-0.5533138,-0.44501367,-3.7363331,-0.26607153,-0.07789742
2023-05-01,-0.36501136,-0.079872295,-3.6250653,0.0596127,-0.46299258
2023-05-02,-0.377068,-0.60927576,-3.4858532,-0.487006,-0.084185064
2023-05-03,-0.26798552,-0.55241275,-3.482224,-0.6545944,-0.02124399
2023-05-04,-0.3139995,0.13208587,-3.4702957,-0.60828143,-0.07234801
2023-05-05,-0.29387942,0.053069804,-3.6325777,-0.21345103,-0.14280331
2023-05-08,-0.11685476,-0.45649856,-3.7065282,-0.13418455,-0.43709907
2023-05-09,-0.31558904,-0.33169934,-1.3487188,-0.75917906,-0.13850586
2023-05-10,-0.1844839,-0.29220468,-1.9302053,-0.14896809,-0.27485594
2023-05-11,-0.47546342,0.18925908,-1.7748642,-0.7292225,-1.3041157
2023-05-12,-0.29295713,-0.5734451,-1.7620775,0.08684996,-1.2340361
2023-05-15,-0.2999985,-0.21220203,-2.0262988,-0.20823823,-1.051733
2023-05-16,-0.5047549,-1.111488,-4.035192,-0.9042985,-0.26164806
2023-05-17,-0.5596459,-1.2345138,-3.966532,-0.090596415,-0.11490641
2023-05-18,-0.5003306,-2.3221445,-3.5633273,-0.36304235,-0.20053887
2023-05-19,-0.42358676,-0.30228016,-3.7905605,0.08473462,-1.1087356
2023-05-22,-0.32165143,0.030419583,-0.84938097,-0.52002424,0.381787
2023-05-23,-0.4107464,0.027899126,-1.94097,-0.3826822,-0.010696244
2023-05-24,-0.30511415,-0.39810136,-2.0446439,-0.27000383,-0.052599378
2023-05-25,-0.6079416,0.17221102,-1.9343092,-0.13627909,-0.025878612
2023-05-26,-0.43399704,-0.013602406,-1.8343307,-0.11420787,0.0186854
2023-05-30,-0.35059986,-0.477437,-1.1264085,-0.54429847,0.38061854
2023-05-31,-0.4265679,-0.5757296,-1.922418,-0.40450364,0.14630856
2023-06-01,-0.5443246,-0.52830577,-1.8074237,-0.19490765,0.18869653
2023-06-02,-0.5453224,-0.63499886,-1.8051964,-0.07620579,-0.15377128
2023-06-05,-0.58564,0.25419974,-2.0865366,-0.67829734,-0.16243511
2023-06-06,-0.20460957,0.054660518,-2.042884,0.27452528,-0.8290395
2023-06-07,-0.5113547,-0.55803585,-1.9284003,-0.2611303,-0.8615048
2023-06-08,-0.5657865,-0.5734429,-1.8498412,-0.25419968,0.034019772
2023-06-09,-0.49089345,-0.38083857,-1.8320503,-0.5059513,-0.5044804
2023-06-12,-0.35827744,-0.41950387,-2.0593915,-0.3882559,-0.010068153
2023-06-13,-0.35532647,-2.5824015,-2.071857,-0.48314765,-0.32074538
2023-06-14,-0.32836342,-0.13247827,-2.1521938,-0.573383,-0.3012282
2023-06-15,-0.3070986,-0.27688688,-1.8674124,-0.27742213,0.081180565
2023-06-16,-0.56889,-0.26169884,-2.0490444,-0.38495377,-0.8509165
2023-06-20,-0.35471493,-0.41247922,-1.7221457,-0.32517567,-0.085682735
2023-06-21,-0.21365333,-0.75862515,-1.0245686,-0.30650425,-0.052822705
2023-06-22,-0.4935082,-0.4230947,-1.0143969,-0.7652754,-0.91796833
2023-06-23,-0.3969342,-0.19561361,-1.16437,-0.2208159,0.12640946
2023-06-26,-0.4937321,-0.3947602,-1.135878,-0.30651274,-0.08310347
2023-06-27,-0.48941696,-0.7927787,-0.81369656,0.12244498,0.21288426
2023-06-28,-0.73312575,-0.25269243,-1.1624342,-0.41078362,-0.6053798
2023-06-29,-0.44622493,-0.4861676,-0.8895294,-0.74699354,-0.12756135
2023-06-30,-0.5346493,-0.13728923,-0.7463534,0.18528987,0.21635205
2023-07-03,-0.7836488,-0.14261924,-1.0379361,-0.37069663,-0.81632304
2023-07-05,-0.5582133,0.16565697,-1.2374195,-0.19639552,-0.2815367
2023-07-06,-0.64389074,0.056813505,-1.1531402,-0.35043928,0.06594304
2023-07-07,-0.7115728,-0.2385941,-1.1587013,-0.23492092,-0.66537994
2023-07-10,-0.68458885,-0.3862099,-1.0845853,-0.276787,-0.870771
2023-07-11,-0.84376055,-0.124722645,-0.8238509,-0.5286965,0.09908258
2023-07-12,-0.6260547,-0.88923764,-0.866488,-0.9291054,-0.08215217
2023-07-13,-0.6017036,-0.7410107,-0.79080975,0.08791406,0.03787105
2023-07-14,-0.8620764,-0.32276133,-0.97281164,-0.40567878,-0.6171988
2023-07-17,-0.84392244,-0.06299734,-0.71402884,-0.7699987,-0.8939284
2023-07-18,-0.5938273,-0.40839002,-0.76722425,-0.8239518,-0.017156675
2023-07-19,-0.53644943,0.03786876,-0.926168,-0.30193076,-0.9216614
2023-07-20,-0.5421208,-0.11618297,-1.0008719,-0.43302026,0.14891604
2023-07-21,-0.6708272,-0.3629149,-1.1728321,-0.43377882,-0.8540498
2023-07-24,-0.55924517,-0.2806949,-1.2807804,-0.8177254,-0.6105947
2023-07-25,-1.1509964,-0.2045094,-1.3501486,-0.3280556,-0.68544155
2023-07-26,-1.1414855,-0.3357236,-1.0469067,-0.43276963,-0.5440479
2023-07-27,-0.37093714,-0.027772961,-1.6721908,-0.25483885,0.06277014
2023-07-28,-0.5636093,-0.15145789,-1.2494693,-0.15768142,0.23379399
2023-07-31,-0.56658524,-0.3569967,-1.6524373,-0.3421424,-1.3600562
2023-08-01,-1.125994,-0.37631047,-1.202164,-0.28867248,-0.72593963
2023-08-02,-0.48176754,-0.07355151,-1.5353575,-0.6478889,0.09532367
2023-08-03,-0.6309371,-0.14445677,-1.4319947,-0.33917212,-0.85514235
2023-08-04,-0.51450425,-0.23875874,-0.95196164,-0.36144185,-0.039863028
2023-08-07,-0.5331089,0.10904678,-0.8056075,0.4366237,0.1241637
2023-08-08,-0.8252871,-0.017092902,-1.3145591,-0.1307439,-0.22442901
2023-08-09,-0.4233286,-0.12209122,-0.866295,-0.48552534,0.1523851
2023-08-10,-0.56551576,-0.30009335,-0.92515796,-0.47212625,-0.89420736
2023-08-11,-0.57019067,-0.20582561,-1.0359993,-0.40605015,-0.67327595
2023-08-14,-0.7105557,-0.10169834,-0.99013793,-0.7398344,0.19222711
2023-08-15,-1.0163995,-0.15839045,-1.2545372,-0.69233936,0.19917928
2023-08-16,-0.496358,-0.6624338,-1.6088991,-0.27265224,0.040182043
2023-08-17,-0.59489244,0.102849856,-1.1247382,-0.2070812,0.08969806
2023-08-18,-0.6932801,-0.025881082,-0.91472006,-0.36116835,-0.58970755
2023-08-21,-0.55366623,-0.26357755,-0.78384894,-0.7811181,0.0033584805
2023-08-22,-0.50920707,-0.2530582,-1.0893934,-0.2801158,-0.6436548
2023-08-23,-0.49541074,-0.07107577,-0.73701715,0.30551308,0.12315913
2023-08-24,-0.5862318,0.057507414,-1.1095709,-0.7238585,0.07640211
2023-08-25,-0.7575056,0.0755984,-0.8256793,-0.5142019,0.035350796
2023-08-28,-0.45688987,0.09025993,-0.76076657,0.18721174,0.25363988
2023-08-29,-0.55782026,-0.09312681,-0.70962507,0.27713034,-0.009492204
2023-08-30,-0.7064298,-0.17936009,-1.0170176,-0.3373884,-0.76784307
2023-08-31,-0.32793993,-0.23764582,-0.29317412,-0.23869297,-1.5306803
2023-09-01,-0.5553684,-0.19596477,-1.0757372,-0.47481343,-0.7952992
2023-09-05,-0.54445916,0.1605696,-1.2344488,-0.27919245,-0.1503703
2023-09-06,-0.6524389,-0.42517546,-1.1333802,-0.5825451,0.23711008
2023-09-07,-0.76768994,-0.18966748,-1.2517749,-0.25629318,-0.82335943
2023-09-08,-0.76852566,-0.8083025,-1.2112427,-0.49445072,-1.3106542
2023-09-11,-0.8340922,-0.88925785,-1.0819283,-0.8132394,0.09333579
2023-09-12,-0.34925753,-0.7715282,-1.253074,-0.49220276,0.21242163
2023-09-13,-0.49208313,-0.60739,-1.2168305,-0.39598802,-0.85638267
2023-09-14,-0.56135356,-0.19587086,-1.0839255,-0.86647356,0.07967592
2023-09-15,-0.5512224,0.0740811,-1.5285643,-0.8389566,-0.019293398
2023-09-18,-0.63121384,-0.36890894,-1.2187556,-0.20432028,-0.58615285
2023-09-19,-0.76190454,-0.5635702,-1.0971601,-0.18858552,-0.30260307
2023-09-20,-0.94930464,0.14794317,-1.1454694,-0.6263792,0.18339513
2023-09-21,-0.47629878,-0.65441334,-1.178991,-0.5212061,0.029297467
2023-09-22,-0.9237241,-0.20341708,-1.1515044,-0.28981596,-0.2727
2023-09-25,-0.35972315,-0.6358288,-0.2585088,-0.32704976,-0.43291932
2023-09-26,-0.4959224,-0.19138244,-0.28712285,-0.63077354,0.1037956
2023-09-27,-0.54941344,-0.13345589,-0.3065784,-0.1800989,-0.67775697
2023-09-28,-0.35507685,0.19584686,-0.14029108,-0.51019883,0.22694874
2023-09-29,-0.35929224,-0.190174,-0.36906183,-0.21564458,-0.47767612
2023-10-02,-0.047839686,-0.585214,-0.2046208,-0.018333858,-0.52801895
2023-10-03,-0.53339964,-0.36160535,-0.47619268,-0.54002476,0.055099167
2023-10-04,-0.5479158,-0.06380582,-0.001126627,-0.5363415,0.136084
2023-10-05,-0.2699041,-0.06987011,-0.31682184,-0.14073682,-1.2145506
2023-10-06,-0.31999436,-0.7782674,-0.08388813,0.38433963,0.11854707
2023-10-09,-0.43216705,-0.334324,-0.03235138,-0.54986346,0.2793647
2023-10-10,-0.2789437,-0.48098698,-0.18394646,-0.2864427,-0.12522581
2023-10-11,-0.24273646,-0.09800957,-0.48422986,-0.4168122,-0.010378721
2023-10-12,-0.021567343,-0.07928574,-0.70883006,-0.22101808,0.27816033
2023-10-13,-0.47479776,-0.20390917,-0.7297763,-0.051698968,-0.026694432
2023-10-16,-0.41931713,-0.090661034,-0.29587355,0.31194404,0.24207848
2023-10-17,-0.6217395,-0.5085012,-0.2663517,-0.2223552,-0.52015156
2023-10-18,-0.42964557,-0.1667497,0.6893116,-0.069087684,0.09687951
2023-10-19,-0.49958888,-0.054777417,0.62907755,-0.31771225,0.1539616
2023-10-20,-0.2485222,-0.5879666,0.70644003,-0.29312998,0.045145746
2023-10-23,-0.23791298,-0.45331654,0.5555067,-0.10064462,-1.2706695
2023-10-24,-0.3991651,-0.3626184,0.5277078,-0.49452722,-0.027089393
2023-10-25,-0.26425195,-0.4394318,0.7211473,-0.2875065,-0.12591352
2023-10-26,-0.267983,-0.16359726,0.6183399,-0.43295068,0.052330002
2023-10-27,-0.23047875,-0.08941572,0.82527703,-0.28494313,0.018168822
2023-10-30,-0.29528528,-0.3237308,0.19732952,-0.80994314,0.046477057
2023-10-31,-0.27136382,-0.38365653,0.67898,-0.51857966,0.07731597
2023-11-01,-0.3183777,-0.30251184,0.13604411,-0.80290383,0.10417786
2023-11-02,-0.24365366,0.01182704,0.22104381,0.116727106,0.051101822
2023-11-03,-0.32015067,0.10476619,0.30602294,-0.2832978,0.05600075
2023-11-06,-0.36120406,-0.3660936,-0.15342736,-0.17513743,-0.43378454
2023-11-07,-0.2888637,-0.38063774,-0.1676676,-0.1568608,-0.39359632
2023-11-08,-0.055144817,-0.34707093,0.04239757,-0.07834549,-0.36591032
2023-11-09,-0.39697197,-0.66027594,0.0672864,-0.32279956,0.011794484
2023-11-10,-0.35308844,-0.85770243,-0.3093772,-1.0383065,-0.3493381
2023-11-13,-0.31159875,0.18411778,0.32778993,0.21088366,-0.07562225
2023-11-14,0.10133215,-0.4938847,-0.17191543,-0.22686987,-0.03500766
2023-11-15,-0.3278381,-0.3144548,0.25948033,-0.23587409,-1.1000725
2023-11-16,-0.76857144,-0.08245012,0.40018275,-0.2232262,-0.61629957
2023-11-17,-0.21038236,-0.12942412,-0.15860121,-0.27562693,-1.1363991
2023-11-20,0.04899115,-0.41845056,-0.028544066,-0.53769636,-0.08129219
2023-11-21,-0.3643013,-0.21929441,0.11494899,-0.011862177,-0.14950405
2023-11-22,-0.29422215,-0.5612538,0.15409452,-0.053196795,-0.16409683
2023-11-24,-0.1703312,-2.0135927,0.15522121,-0.16473009,-0.2440005
2023-11-27,-0.32815754,-2.2209656,0.10931723,-0.14589675,-0.29865852
2023-11-28,-0.30823052,-2.0738912,0.1914602,-0.36228138,-0.2380462
2023-11-29,-0.15608443,-2.1988254,0.258205,0.01676667,-0.2349458
2023-11-30,-0.28060824,-0.42305905,0.14111537,-0.26788807,-0.63830674
2023-12-01,-0.39618075,-0.62327594,0.032632463,-0.51251346,0.09466559
2023-12-04,-0.48268798,-0.28345865,0.42534208,-0.15066949,-0.15635394
2023-12-05,-0.53735995,-2.1570387,0.22396074,-0.4611424,-0.25962764
2023-12-06,-0.6063484,-2.102721,0.36666617,-0.5425087,-0.35618675
2023-12-07,-0.6973582,-2.2800207,-0.019199485,-0.62920064,-0.16696669
2023-12-08,-0.9212539,-0.13548422,0.19313627,0.05256541,-0.11245382
2023-12-11,-0.8537197,-0.066929795,0.079590656,-0.02323839,-0.33845675
2023-12-12,-0.6761608,-0.52977246,0.042117126,-0.033190876,-0.06659412
2023-12-13,-0.386997,0.06627778,0.12086132,-0.7368438,0.19622235
2023-12-14,-0.501811,-0.10380989,0.13534425,-0.26659524,-0.59031653
2023-12-15,-0.6983536,-0.74619895,-0.11884429,0.23324399,-0.72044
2023-12-18,-0.92314357,0.084783316,-0.02238914,-0.05995716,-0.07998184
2023-12-19,-0.6727417,-0.89605045,-0.19388579,-0.035603642,0.23020339
2023-12-20,-0.4514877,-0.8318726,-0.08835728,0.030579658,0.19203974
2023-12-21,-0.5104597,0.08426547,-0.224894,-0.49168187,0.16640161
2023-12-22,-0.63153833,0.1382491,0.0642378,-0.37471274,-1.1395946
2023-12-26,-0.4534394,-0.1685121,-0.029924601,-0.06696725,-0.05696208
2023-12-27,-0.585629,-0.19025369,0.19283678,-0.39127043,-1.179756
2023-12-28,-0.77236706,-0.2264448,0.17189237,0.06731204,-0.6315979
2023-12-29,-0.8863343,-0.4792576,0.13607933,-0.43572012,-0.5103594
2024-01-02,-0.6006358,0.14662269,0.2526053,-0.3442977,0.10211988
2024-01-03,-0.4104248,0.052992143,0.34080833,-0.121692315,-0.13311358
2024-01-04,-0.29176003,-1.8611776,0.21772502,-0.23670635,-0.66967356
2024-01-05,-0.58937913,-0.47216156,-0.017828077,-0.34381226,-0.6422165
2024-01-08,-0.35029814,-0.10838932,-0.15264338,-0.74977374,0.08632319
2024-01-09,-0.6528578,-0.14682592,0.12768067,-0.3834174,-1.2392404
2024-01-10,-0.58550364,-0.31733435,0.039141282,-0.06601622,0.22270589
2024-01-11,-0.9260049,-0.7866981,0.13335201,-0.3818084,-0.4719828
2024-01-12,-0.85165524,0.03781325,0.11372627,0.13229255,-0.43587834
2024-01-16,-0.56187254,-0.018761873,0.046477187,-0.19430234,-0.69523
2024-01-17,-0.71706986,-0.8269365,0.015702046,-0.30105498,0.09065197
2024-01-18,-0.7837049,-2.067238,-0.006811221,-0.46205965,-0.087761775
2024-01-19,-0.90718937,0.21059966,-0.010220063,-0.32825768,-0.03227852
2024-01-22,-0.78420573,-0.2358755,-0.015575613,-0.07575781,-0.30717728
2024-01-23,-0.91956115,-0.6760542,-0.08413947,-0.2880929,-0.67160624
2024-01-24,-0.5387897,-0.7640026,0.102009416,0.26882425,-0.42934498
2024-01-25,-0.43546513,-0.7573461,-0.061738737,-0.04557436,-0.079918295
2024-01-26,-0.8438009,0.054936618,0.16488922,-0.32727855,-0.42621934
2024-01-29,-1.1095126,-0.16257203,-0.15772542,-0.3566928,0.069626935
2024-01-30,0.052484706,-1.8864534,0.3576021,-0.46229216,-0.2897322
2024-01-31,-0.8235614,-0.20722066,0.12976418,0.42511675,-0.060650904
2024-02-01,-0.051054288,0.32780248,0.06373496,-0.4075883,-0.0069173174
2024-02-02,-0.61939734,-0.48003063,-0.18298331,-0.5722029,0.2119912
2024-02-05,-0.57947505,-0.76412195,0.07420084,-0.3832328,-0.78828424
2024-02-06,0.101255044,-0.45547602,0.013900307,-0.1872133,-0.5046932
2024-02-07,-0.5259679,0.10022153,0.009608118,-0.23012486,0.06307332
2024-02-08,-0.6240555,-0.46277353,0.18847032,-0.0014326177,-0.80179876
2024-02-09,-0.43106192,-0.7415224,-0.0053111906,-0.079696104,0.2552704
2024-02-12,-0.8554205,-0.015178755,0.40727362,-0.35362315,-0.22039251
2024-02-13,-0.69679797,0.46223396,0.28639853,-0.05793005,-0.011165757
2024-02-14,-0.7808342,0.45803577,-0.0010711316,-0.4531089,0.0023187457
2024-02-15,-0.45739886,0.063350245,0.025111808,-0.04010237,0.28837457
2024-02-16,-0.51035917,0.08255006,0.1226823,-0.2068192,-0.03911957
2024-02-20,-0.41955957,-0.7147563,0.15806995,-0.30222085,0.1863141
2024-02-21,-0.62096286,-0.7239293,0.07383166,-0.39958248,-0.71784574
2024-02-22,-0.50643265,-0.28222105,-0.1751645,-0.109799445,-0.18135916
2024-02-23,-0.8545194,-0.21899278,0.24879724,0.054367498,-0.6026899
2024-02-26,-0.55824786,-0.09213336,0.5710766,-0.5248228,-0.6191394
2024-02-27,-0.48420915,-0.24325086,0.6591416,-0.33798772,-1.0200902
2024-02-28,-0.3356219,-0.20589784,0.28587356,-0.16123751,-1.0764316
2024-02-29,-0.014007526,-0.10645246,0.94740504,0.092100784,0.035886317
2024-03-01,-0.4182771,-0.15522832,-0.37736428,-0.30009517,-0.020973174
2024-03-04,-0.4915468,-2.0701895,0.30815044,-0.512436,-0.5853773
2024-03-05,-0.50682527,-0.0009144407,0.1333615,-0.31050864,0.09000482
2024-03-06,-0.5711038,0.33296785,0.23170127,0.005020607,0.047819953
2024-03-07,-0.4472021,-0.11221209,-0.03934405,-0.47795618,0.112446606
2024-03-08,-0.45615634,-0.16171026,0.0018657048,-0.1782445,0.16253415
2024-03-11,-0.62185264,0.13929427,0.22535893,-0.38099334,-0.60445017
2024-03-12,-0.41010076,-0.82661235,0.5731125,-0.4313331,-0.13877593
2024-03-13,-0.66779834,-0.8234981,-0.018789563,-0.51179206,-0.3003597
2024-03-14,-0.53224593,0.18290456,0.71457875,-0.3901789,-0.4689321
2024-03-15,-0.5046134,-0.7473148,-0.27244827,-0.18802996,0.17449868
2024-03-18,-0.6605551,-0.15992486,0.03377464,-0.002737808,0.28355998
2024-03-19,-0.6848578,-0.097678244,0.023282079,0.0102361,0.26075998
2024-03-20,-0.70819485,-0.22537027,-0.2367925,-0.2506867,0.13198856
2024-03-21,-0.84791374,-0.48385638,0.08511372,-0.26564264,-0.6219579
2024-03-22,-0.81232774,-0.22032417,-0.02552623,0.06550869,-1.1924282
2024-03-25,-0.9510293,-0.26246688,0.10598495,-0.40568697,-0.7567122
2024-03-26,-0.81701523,-0.17174305,0.66222185,-0.43542948,-0.528188
2024-03-27,-0.49875283,-0.088149175,-0.07878889,-0.29570198,0.07667554
2024-03-28,-0.6660024,0.55285114,0.20282105,0.028158499,-0.555415
2024-04-01,-0.696743,0.20035478,0.08266592,-0.38723376,-0.23566869
2024-04-02,-0.5594505,0.45153832,0.11912824,-0.28218526,-0.057436634
2024-04-03,-1.1868986,0.44218495,0.23725009,-0.01593136,-0.51992875
2024-04-04,-0.56811637,0.06882729,0.030612268,0.148314,0.0797781
2024-04-05,-1.0601411,-0.03375596,0.01584129,-0.4411441,-0.0069944584
2024-04-08,-0.7390757,0.05064178,-0.2120256,-0.3492022,-0.60453105
2024-04-09,-0.94147193,-0.28078014,0.461001,0.05071581,-1.0863183
2024-04-10,-0.7049286,-0.30636787,0.15114617,-0.57715535,0.07221454
2024-04-11,-0.5528358,-0.75623924,-0.119296014,-0.11248163,0.008819466
2024-04-12,-0.6946851,-0.96516085,0.25964373,-0.7736149,0.17177856
2024-04-15,-0.91768134,-0.10699976,0.3998451,-0.47338775,-0.02584209
2024-04-16,-0.47419217,0.052603237,0.785282,-0.5085682,0.01852918
2024-04-17,-0.42250866,-0.598168,-0.19540073,-0.71400154,0.068885565
2024-04-18,0.01322562,-0.4399814,0.5778403,-0.47827548,0.030668154
2024-04-19,-0.50738347,-0.3288562,0.3471019,-0.6142529,0.092012905
2024-04-22,-0.3943268,-0.10011877,0.4322389,-0.2500744,-0.0042055207
2024-04-23,-0.42731103,-0.3065879,0.3848467,-0.42950007,-0.04685999
2024-04-24,-0.51439184,-0.14341551,0.010791374,-0.52763766,-1.1260254
2024-04-25,-0.4452632,0.26776004,-0.26244256,-0.4638943,-0.1264296
2024-04-26,-0.65229934,-0.69223446,-0.3636121,-0.27107614,0.020298423
2024-04-29,-0.71741104,0.20729987,-0.021574069,-0.25620124,-0.6213878
2024-04-30,-0.7276918,-0.31923738,-0.45427585,-0.56136197,-0.59995735
2024-05-01,-0.57831645,-0.44916135,0.61182827,-0.34832752,-0.7570122
2024-05-02,-0.568985,-0.59401506,-0.118626,-0.29804435,-0.058445785
2024-05-03,-0.36548305,-0.57721776,-0.3444881,-0.42846885,-0.15297623
2024-05-06,-0.5055893,-0.021952745,-0.37941465,-0.5331911,-0.081922695
2024-05-07,-0.5326227,-0.16390526,0.25792706,0.067764126,-1.0443316
2024-05-08,-0.5213312,-0.21451591,-1.2229867,-0.522881,-1.0815533
2024-05-09,-0.59838426,0.14455791,0.14367165,0.06071309,0.049661905
2024-05-10,-0.39725778,-0.7151172,0.07537955,0.08906701,-1.0133985
2024-05-13,-0.43815652,-0.28292367,-0.84492815,-0.59569985,-1.1257248
2024-05-14,-0.5731546,-0.2583399,0.007811308,-0.11747807,-0.030070681
2024-05-15,-0.37182394,-0.64772093,0.4698175,-0.63506067,-0.28242394
2024-05-16,-0.5481516,-2.380695,0.35714436,-0.4820576,-0.17541355
2024-05-17,-0.5476286,-0.23560928,0.23584153,0.072137296,-0.69931334
2024-05-20,-0.5745795,-0.24130401,0.29491892,-0.20802349,-0.4831526
2024-05-21,-0.75682443,-0.20102963,0.38551363,-0.27414155,-0.58017904
2024-05-22,-0.9449869,-0.19911008,0.2863042,-0.468256,-0.49850273
2024-05-23,-0.6973674,0.027652582,0.49021685,-0.47110963,0.081941016
2024-05-24,-0.46650967,-0.47610933,-0.13514535,-0.27551657,-0.098525494
2024-05-28,-0.5502769,-0.43625885,-0.1461167,-0.39406085,-0.65833145
2024-05-29,-0.49121752,-0.01045219,-0.27855465,-0.22992116,0.041831266
2024-05-30,-0.557717,-0.06578565,0.06715141,-0.31970203,0.089689024
2024-05-31,-0.5247516,-0.34019145,-0.10132954,-0.12001008,-0.01079431
2024-06-03,-0.7101338,-0.24015537,0.11086135,-0.04336316,-0.65226495
2024-06-04,-0.6803558,-0.5604347,-0.2621147,0.039448693,-1.2053038
2024-06-05,-0.63351554,-0.17208564,-0.1243673,-0.50420976,0.010661253
2024-06-06,-1.1844766,-0.20520347,0.08220433,-0.36086813,-0.76473397
2024-06-07,-0.7254809,0.17984538,-0.10939214,-0.4599938,-0.6749291
2024-06-10,-0.63093,-0.8440907,-0.15074432,-0.31646103,-0.7290727
2024-06-11,-0.7544326,-0.13863754,0.07228539,-0.30336872,-0.5453482
2024-06-12,-1.1076947,-0.09048028,-0.05492473,-0.20709953,0.13634403
2024-06-13,-0.33115253,-0.10480863,0.2720389,-0.30252373,-0.31963244
2024-06-14,-1.1405256,0.25366876,0.22857106,-0.3850548,-0.297859
2024-06-17,-0.20615552,-0.46170923,0.24997973,-0.117016084,0.010647707
2024-06-18,-0.26582664,-0.46954763,0.20292975,-0.33703256,-0.67007035
2024-06-20,-0.31805187,-0.2569921,0.19473146,-0.22436656,-0.73925155
2024-06-21,-0.26192242,-0.22176568,0.24142852,-0.46702614,-1.2137374
2024-06-24,-0.35443404,0.554721,0.3653775,-0.32854298,-0.7360688
2024-06-25,-0.40414137,0.7589238,0.23180687,-0.2721748,-0.36030087
2024-06-26,-0.5543457,-0.45683894,0.20521675,-0.014438245,-1.1106684
2024-06-27,-0.43374273,-1.8710436,0.33178934,-0.1260073,-0.2033372
2024-06-28,-1.0152459,-1.5682238,0.3382617,-0.29881924,-0.34050098
2024-07-01,-0.8398703,-1.637252,0.18081504,-0.43433887,-0.41002688
2024-07-02,-1.2213516,-0.17504406,0.21645764,-0.10860296,0.10431072
2024-07-03,-2.073837,-0.0045566447,0.25132224,-0.06730505,-0.09481576
2024-07-05,-1.5834132,-0.080912285,0.12701586,-0.07151932,-0.17522936
2024-07-08,-1.2784058,-0.29595122,0.2751172,-0.0044226944,-0.12806149
2024-07-09,-1.3102633,-0.7145611,0.17710745,-0.032457173,-0.09517512
2024-07-10,-2.5850432,-0.2571475,-0.12557417,-0.5644381,0.0875776
2024-07-11,-2.4707766,-0.37427533,0.1137051,-0.009650989,0.05454603
2024-07-12,-2.026294,-1.1556624,0.018295413,-0.13805969,-0.19170573
2024-07-15,-1.039865,-0.8325668,-0.059625935,-0.41849044,-0.42671892
2024-07-16,-1.0601565,-0.8910566,-0.08972863,-0.15090027,0.011696416
2024-07-17,-0.81847304,-1.4121745,-0.035234913,-0.41885298,-0.101444006
2024-07-18,-0.9706627,-1.325536,0.013189079,-0.29222375,-0.065881595
2024-07-19,-1.3819325,-0.4292266,0.032999728,-0.59981203,0.0072899675
2024-07-22,-0.84563184,-0.92939925,-0.29260108,-0.61184806,0.046372134
2024-07-23,-0.81100637,-0.83654934,0.03553672,-0.5679664,-1.2325356
2024-07-24,-0.7975385,-0.9663633,0.0376276,-1.1519777,-0.18650907
2024-07-25,-0.70338005,-0.3220923,0.2330759,-0.6395217,-0.1061513
2024-07-26,-0.620329,0.04032682,-0.5077796,-0.5298709,-0.21297348
2024-07-29,-0.5173451,-0.41624856,-0.106386654,0.0381262,-1.1900889
2024-07-30,-0.694348,-0.20504098,-0.37863865,-0.9175258,-0.07700007
2024-07-31,-0.65121716,0.2921838,-0.14813563,-0.566565,-0.43290427
2024-08-01,-0.62696636,-0.3586345,0.28019345,-0.59288186,-0.06034082
2024-08-02,-0.67733616,-0.328388,-0.6207816,-0.91588765,-0.37285066
2024-08-05,-0.81660527,-0.70238465,-0.7410755,-0.9860415,-0.39862207
2024-08-06,-0.86852,-0.5998559,-0.2584874,-0.55667406,-0.14968285
2024-08-07,-0.03764758,0.03564126,-0.7753647,-0.8440874,0.07904894
2024-08-08,0.090747595,0.48304164,-1.0560441,0.12562834,-0.4300867
2024-08-09,0.13908288,0.2567556,-0.65743864,-0.015744004,0.0015426378
2024-08-12,0.105589606,-0.31145635,-1.023783,0.17969729,-1.551598
2024-08-13,0.19549981,0.32291007,-0.9400198,-0.80336446,-0.44340494
2024-08-14,0.027774062,-0.5204726,-0.5396637,-0.035769187,-0.49702287
2024-08-15,0.09875233,0.08915315,-0.9897266,-0.50016254,-0.747929
2024-08-16,0.07861533,0.24106339,-0.42356983,-0.19881184,0.25621343
2024-08-19,0.23916891,-0.3056555,-0.9342022,-0.42915827,-0.048984382
2024-08-20,-0.028360188,-0.2513937,-0.45923755,-0.4545022,0.10970197
2024-08-21,0.018594235,-0.23695287,-0.74045813,0.02089419,-0.13358973
2024-08-22,-0.10110094,-0.6003363,-0.94024324,-0.47228307,0.0895479
2024-08-23,0.26857826,-0.63176876,-0.9115762,-0.19584742,-0.14507174
2024-08-26,-0.087832235,-2.6524272,-0.69948745,-0.58994365,-0.5756739
2024-08-27,0.26800606,-0.55544245,-0.55642563,0.04933452,-0.9131139
2024-08-28,0.11809802,-0.38001588,-0.919223,-0.62636745,0.11719074
2024-08-29,-0.8373473,-0.08417419,-0.56221074,0.21780303,-0.78303033
2024-08-30,-0.9058207,0.14394507,-0.6001945,-0.4619252,-0.12999456
2024-09-03,-0.8534127,-0.75252634,-0.6855122,0.91483825,-0.051424526
2024-09-04,-0.71558005,-2.0794537,0.07251512,-0.45720112,-1.1448753
2024-09-05,0.40312755,0.2566999,0.23177217,0.20313668,-0.6028114
2024-09-06,-0.13738923,0.048405245,0.23556572,0.09235958,-0.11994827
2024-09-09,-0.7963131,0.12866986,-0.1821017,-0.888911,-0.06488499
2024-09-10,0.55613595,-0.32312363,0.0044876724,-0.2370264,-0.011329267
2024-09-11,0.47575837,-0.32692957,-0.12572378,-0.77092093,0.080978505
2024-09-12,0.032045837,-0.16974787,0.043542452,-0.5067179,0.027897056
2024-09-13,-0.025028238,-0.8598819,0.06957923,-0.24527255,-0.046864964
2024-09-16,-0.7141141,0.13472871,0.26078302,-0.1122654,-0.6270266
2024-09-17,-0.7412486,-0.18478455,-0.054228514,-0.28674513,-0.69299805
2024-09-18,-0.8783319,-0.014726629,0.09719178,0.07708948,-0.6925309
2024-09-19,-0.36693773,-0.5976362,-0.25307536,-0.4280686,-0.021572758
2024-09-20,-0.08290342,-2.181062,0.020258185,-0.45955285,-0.31978458
2024-09-23,-0.74787766,-0.13126375,-0.10932646,-0.04763267,-0.48011574
2024-09-24,-0.333759,-0.17634523,-0.07474182,-0.04022238,-0.7291927
2024-09-25,-0.091059685,-0.13016903,-0.01184913,-0.33225095,-0.28286454
2024-09-26,-0.42732143,-0.11221278,-0.08282683,-0.2597894,-0.3416441
2024-09-27,-0.28103727,-0.1117286,0.17944497,-0.067597345,-0.7451519
2024-09-30,-0.27774,-0.62706953,0.07065691,-0.49264413,-0.17788404
2024-10-01,-0.4088067,-0.54729956,0.44497633,-0.20849615,-0.17389955
2024-10-02,-0.41340113,0.023575522,0.20837727,-0.2838339,-0.25636026
2024-10-03,-0.5120647,-0.33116278,0.42229998,-0.32113463,-1.1850628
2024-10-04,-0.49211174,-0.45146498,0.2604388,-0.24150355,0.07782392
2024-10-07,-0.32415304,-0.68853754,0.7512885,-0.2475898,0.052067336
2024-10-08,-0.26103786,-0.07665596,0.6450834,-0.3039222,0.1397031
2024-10-09,-0.21171802,-0.14089796,0.32473546,-0.434843,0.021447403
2024-10-10,-0.3853403,-0.16330329,0.22058846,-0.3378033,-0.15634532
2024-10-11,-0.42975828,-0.8194919,0.18059584,-0.38191268,0.2606854
2024-10-14,-0.31005213,-0.77706933,0.57468724,-0.4897716,0.0853801
2024-10-15,-0.1905555,-0.061725635,0.7972847,-0.2617993,0.12683134
2024-10-16,-0.18481979,-0.3671753,0.63838476,-0.05482454,0.027903216
2024-10-17,-0.15043576,-0.23093352,0.6386834,-0.27363116,-0.3847328
2024-10-18,-0.52466035,-0.050774,0.61793345,-0.08259313,-0.34029236
2024-10-21,-0.6343781,-0.13794991,0.50314325,-0.34731972,-0.84303474
2024-10-22,-0.7587252,-0.09650799,0.6953785,-0.26727378,-0.3030309
2024-10-23,-0.81480646,0.21372883,0.67380583,-0.32896242,0.072678
2024-10-24,-0.5398571,-2.1960406,0.6483262,-0.24269232,-0.26761204
2024-10-25,-0.9481171,0.71626145,0.6990655,-0.2750714,-0.3615665
2024-10-28,-0.5594011,0.26262826,0.7176384,-0.05668665,-0.5710376
2024-10-29,-0.2972507,0.4275188,0.7791682,-0.053651843,-1.2086748
2024-10-30,-0.4901217,0.5726345,0.8386315,-0.0009968476,-0.629116
2024-10-31,-0.6376065,0.6697,0.60226685,0.18666948,-0.06396473
2024-11-01,-0.29549262,-0.72926396,-0.043600217,-0.51829296,-0.113606125
2024-11-04,-0.5791589,-0.33473265,0.53279674,0.07587869,-0.4740297
2024-11-05,-0.5233205,-0.30678597,0.48470086,-0.75094193,0.07497484
2024-11-06,-0.790902,-0.17745343,0.4094703,0.24628283,-0.07435972
2024-11-07,-0.5390281,-0.33874083,0.13374005,-0.4907553,0.105698556
2024-11-08,-0.3047368,-0.30096614,-0.36460784,-0.21344048,-0.9183521
2024-11-11,-0.09244659,-0.60028183,-0.039703928,-0.20239922,-0.83547866
2024-11-12,-0.4186893,-0.37638015,0.1328239,0.060398784,-0.99640465
2024-11-13,-0.3174188,-0.58228874,0.066977955,-0.34997806,-1.1767088
2024-11-14,-0.27878806,-0.44393232,0.42519808,-0.57907754,0.1995054
2024-11-15,-0.27608573,-2.2604737,0.41537663,-0.01727774,-0.102240756
2024-11-18,-0.39346147,-2.3072405,0.22227113,-0.3356624,-0.2967421
2024-11-19,-0.25926158,-0.1368279,0.42811242,-0.20227554,-0.34252223
2024-11-20,-0.30227247,-0.2197857,0.3478836,-0.24492024,-0.71928084
2024-11-21,-0.3747861,-0.23334086,0.25362158,-0.23049879,-0.037488803
2024-11-22,-0.2835379,-0.19866997,0.67985386,-0.0781641,-0.64710146
2024-11-25,-0.28162423,-0.116762884,0.6737569,-0.040406324,-0.69038624
2024-11-26,0.018604508,-2.432172,0.42578325,-0.5246919,0.08197132
2024-11-27,-0.495403,-2.216733,0.6891519,-0.09184811,-0.6056282
2024-11-29,-0.41672057,-2.3236544,0.48347965,-0.5197206,-0.018794917
2024-12-02,-0.7279687,-0.61997354,0.476998,-0.100706495,-0.682394
2024-12-03,-0.84978837,-0.19719665,0.68561375,-0.016008379,-0.26037744
2024-12-04,-0.84488714,0.15245636,0.55461407,-0.4265818,0.28331232
2024-12-05,-0.687609,-0.6099082,0.70926017,-0.3910188,-0.3639451
2024-12-06,-0.28198454,-0.14365102,0.79378116,-0.035045896,-0.69716007
2024-12-09,-0.1376084,-0.5449025,0.78702635,-0.551879,0.16123396
2024-12-10,-0.36032957,-2.127022,0.46569818,-0.1185608,-0.6553634
2024-12-11,-0.41255018,0.25132012,0.53799444,-0.3771525,-0.07816265
2024-12-12,-0.86712426,0.28931886,0.6050846,0.060322933,-0.1328509
2024-12-13,-0.48362666,-0.22441751,0.5700946,-0.31532416,-0.67171586
2024-12-16,-0.9266146,-0.21214259,0.6305402,-0.15582182,-0.62484694
2024-12-17,-0.3106523,-0.17266972,0.44216064,-0.032109972,-0.6318624
2024-12-18,-0.5082675,0.23383991,-0.9324477,-0.043217033,0.02010276
2024-12-19,-0.8538296,-0.13010487,-0.6265689,-0.22195892,-0.42319432
2024-12-20,-0.1692761,-0.14832981,0.03243853,-0.5876685,0.039022375
2024-12-23,-0.32395202,-0.23554024,0.12794217,-0.35758397,0.030851437
2024-12-24,-0.4746516,-0.15509532,0.082444824,-0.57443327,-0.11327815
2024-12-26,-0.2774309,-0.6401369,0.29056844,-0.14341189,-0.64885575
2024-12-27,-0.51021254,-0.49343815,0.14968543,-0.8163068,-0.060063012
2024-12-30,-0.37423775,-0.00069330004,0.5843118,-0.42054468,0.08657386
2024-12-31,-0.33847958,-0.7506805,0.60090077,-0.2930514,-0.011266037
2025-01-02,-0.40804398,-0.79658955,0.53430104,-0.27463478,-0.102797635
2025-01-03,-0.3700982,-0.4450805,0.44201845,-1.0085207,0.01788414
2025-01-06,-0.18676749,-0.04414179,0.421053,-0.3827144,0.07198826
2025-01-07,-0.40383855,0.3218045,0.65488,-0.48741674,-0.06458291
2025-01-08,-0.18144894,-0.11637212,0.38602814,-0.15857323,-1.2021923
2025-01-10,-0.36037076,0.013677746,0.69003123,-0.1919979,-0.2510317
2025-01-13,-0.18144894,-0.121589154,0.32624915,-0.16458714,-1.1992201
2025-01-14,-0.34886193,-0.21546786,0.56980425,-0.16818607,-0.6386148
2025-01-15,-0.37000552,-0.86595404,0.45475793,-0.06054221,0.049658347
2025-01-16,-0.22086033,-0.5029566,0.43714756,-0.2833621,-0.1242906
2025-01-17,-0.29297727,-0.17062898,0.44343713,-0.77284217,0.062158998
2025-01-21,-0.37503505,-0.12141152,0.5350772,-0.781764,0.07925074
2025-01-22,-0.111663185,-0.7444539,0.42199782,-0.28867823,0.20232005
2025-01-23,-0.41222948,0.18410595,0.56599957,-0.3774665,-0.062926605
2025-01-24,-0.36620244,-0.54851145,0.6210918,-0.27394718,-0.41390067
2025-01-27,-0.3074807,0.020530663,0.68014854,-0.30901977,0.16623083
2025-01-28,-0.19388536,-0.0050311107,0.3744911,-0.7710025,0.08521069
2025-01-29,-0.41540232,-0.3879372,0.62551045,-0.30580693,-0.012584718
2025-01-30,-0.41918328,-0.40924886,0.5199236,-0.40409386,-0.074678056
2025-01-31,-0.30889687,-0.12152588,0.64373654,0.1018933,0.00871311
2025-02-03,-0.21723887,-0.0027351882,0.53396696,0.19210957,0.15426838
2025-02-04,-0.30521235,-0.41427284,0.38153926,-0.30705404,0.030035768
2025-02-05,-0.34526393,-0.15932919,0.5367419,-0.32682014,-0.6306606
2025-02-06,-0.38029978,-0.5218722,0.4914187,-0.4195577,-0.5974348
2025-02-07,-0.41461465,-0.52824014,-0.56933546,-0.58104235,0.076600514
2025-02-10,-0.34087658,0.19141586,-0.26217535,-0.20456673,0.0358767
2025-02-11,-0.2922922,-0.19981696,-0.38455024,-0.14164507,-0.46642888
2025-02-12,-0.36020255,-0.1673554,-0.54487056,-0.39796847,-0.55116683
2025-02-13,-0.2597164,-0.5147167,-0.1405882,-0.5143879,0.09181225
2025-02-14,-0.52386963,0.21092863,-0.60958356,-0.22677152,-0.47012687
2025-02-18,-0.29260743,-0.19586305,-0.51671535,-0.24081028,-0.7125132
2025-02-19,-0.58549905,-0.034524847,-0.53421164,-0.23127821,-0.68500155
2025-02-20,-0.5729386,0.4049454,-0.62252545,-0.50705343,-0.036156654
2025-02-21,-0.7444154,0.35056543,-0.33324468,-0.4945111,-0.06750029
2025-02-24,-0.83275634,-0.010894408,-0.38459605,-0.1203071,-0.059938077
2025-02-25,-0.33889043,0.094166934,-0.71164596,-0.5089775,-0.022887174
2025-02-26,-0.2526466,-0.4472439,-0.5448176,-0.18593358,-0.5958205
2025-02-27,-0.2143216,-0.6488827,-0.61013544,-0.49349064,-0.27007732
2025-02-28,-0.42906755,-0.5244563,-0.28403607,0.40408787,-0.17682727
2025-03-03,-0.48127568,-0.87534076,-0.64473146,-0.69483906,-0.106460184
2025-03-04,-0.35396233,-0.4136182,0.48547283,-0.57821906,-0.001136595
2025-03-05,-0.36652622,-0.12789403,0.04780625,-0.56410015,-0.10709032
2025-03-06,-0.80282366,-0.6436205,0.25921616,-0.5467204,-0.07220599
2025-03-07,-0.7387826,-0.26849112,0.17284988,-0.43749997,-0.02106828
2025-03-10,-0.21357186,-0.57522595,0.49629474,-0.958728,-0.083530866
2025-03-11,-0.65041196,-0.749478,-0.61484665,-0.61100894,0.008526212
2025-03-12,0.12299707,-0.21739003,0.2087259,-0.13782243,0.045245048
2025-03-13,0.004302724,-0.24419877,0.135295,-0.8163292,0.0075918287
2025-03-14,0.10940041,-0.41714397,0.38084695,0.05471173,-0.21007778
2025-03-17,0.24705255,-0.22376655,0.3921413,-0.71951103,-0.001209739
2025-03-18,0.14496353,-0.1094781,0.19206244,0.18243542,0.19472507
2025-03-19,0.024432696,0.19439356,0.55050385,0.18631217,0.099514514
2025-03-20,0.12218426,0.4042376,0.65779567,-0.048440985,0.032121632
2025-03-21,0.023865905,-0.70173764,0.573229,-0.41559455,-0.5241648
2025-03-24,0.059841484,-0.8972485,0.33987704,-0.40888214,-0.0052503925
2025-03-25,0.36334825,0.15366067,-0.15566151,-0.25865176,-1.0994521
2025-03-26,0.047478847,-0.20485352,0.6323868,-0.5891558,-0.0069944146
2025-03-27,0.18085894,-0.15560444,0.5268049,-0.10000252,-0.6056366
2025-03-28,0.027916044,-0.0076859426,0.55073696,-0.36865738,-0.13767225
2025-03-31,0.49603516,-0.074310645,-0.07612856,-0.5743812,0.011391749
2025-04-01,0.17897901,-0.5577045,0.59968364,-0.2614057,-0.5821861
2025-04-02,0.18661302,-0.02951905,0.39839154,-0.7250173,0.077235796
2025-04-03,0.22758047,0.008707551,-0.28242806,-0.2989837,-0.46426398
2025-04-04,0.07529084,-0.20014578,-1.0457076,-0.36557934,-0.35652483
2025-04-07,1.1038524,-0.13242427,-0.33814934,-0.3858856,-0.25276995
2025-04-08,-0.29753333,0.27539843,-0.025412908,-0.5806239,-0.58268756
2025-04-09,-0.11740312,0.5895605,-0.25562736,-0.64406693,-0.4629448
2025-04-10,-0.13190603,-0.53362715,0.00014836155,-0.9229647,-0.07019406
2025-04-11,1.4197329,0.5934957,-0.9235832,-0.194962,-0.43849185
2025-04-14,1.8244281,0.6177246,-0.6178945,0.06270463,-0.012760894
2025-04-15,1.9869387,-6.1022583e-05,-0.17264517,-0.58563584,-0.29404616
2025-04-16,1.3744197,0.08714209,-0.6207294,-0.57296467,-0.47290236
2025-04-17,1.732147,0.14606562,-0.35551932,-0.57721907,-1.1143713
2025-04-21,0.8695208,-0.876037,-0.78931445,-0.24791677,-0.53698444
2025-04-22,0.27324113,-3.1997437,-1.190459,-1.0080557,-0.29111046
2025-04-23,0.17489554,-3.427619,-1.185383,-0.621862,-0.4877043
2025-04-24,0.5783724,-0.8978996,-1.1866344,-0.6083291,-0.60026145
2025-04-25,0.98123217,-0.74709827,-0.798528,-0.36281458,-0.10834151
2025-04-28,0.20460775,-0.33820695,-0.11634053,-0.23695631,-0.37612835
2025-04-29,-0.33315447,-0.73623747,-0.14079948,-0.33020416,-0.113419205
2025-04-30,0.09354343,-0.45448565,0.2861795,-0.8163626,-0.8489483
2025-05-01,-0.85916805,-3.231358,-0.17868055,-0.7566392,-0.35414255
2025-05-02,-0.94854325,-3.0879521,-0.43874744,-0.7623024,-0.08591558
2025-05-05,-0.90409714,-1.101035,-0.06816632,-0.5647836,-0.32723773
2025-05-06,-0.8615142,-1.1812916,0.07102405,-0.53622174,-0.36185205
2025-05-07,-0.92790747,-1.5394293,0.028545303,-0.835298,-0.10896974
2025-05-08,-1.048877,-3.4040842,0.30073518,-0.704785,-0.32550365
2025-05-09,-0.59260476,-2.7374258,0.4302497,-0.84878635,-0.27264312
2025-05-12,-0.76051664,-3.0226557,0.260036,-1.1152006,0.061894327
2025-05-13,-0.48818645,-2.0535333,-0.16420268,-0.69325036,-0.4332435
2025-05-14,-0.29293412,-0.30452308,0.4790664,-0.624686,-0.1527869
2025-05-15,-0.45769146,-0.397476,0.5914502,-0.26959896,-0.18682206
2025-05-16,-0.074877255,-0.39762184,0.43692452,-0.33395153,-0.15562928
2025-05-19,-0.21019568,-0.26340815,-0.047587533,-0.56562066,-0.32366878
2025-05-20,-0.1359925,-0.16823617,-0.28335753,-0.16734079,-0.5463351
2025-05-21,0.1938885,-1.6963631,-0.3870998,-0.21613653,-0.46098846
2025-05-22,0.1384975,-1.3743181,-0.1376922,-0.9096673,-0.2000812
2025-05-23,0.34163776,-3.0033348,0.10766024,-0.43566275,-0.14029221
2025-05-27,0.2475824,-3.2723093,0.42296064,-0.55923414,-0.06210686
2025-05-28,0.28974363,-3.0001624,-0.17156808,-0.42955458,-0.16340424
2025-05-29,0.6194957,-0.57539684,0.1888196,-0.26351136,-0.42377043
2025-05-30,0.5432392,-0.41873482,-0.034449883,-0.66702974,-0.7561183
2025-06-02,0.16437669,-0.5250581,-1.2246574,-0.29022318,-0.39586997
2025-06-03,-0.79396164,-0.2807015,-0.93311054,-0.19966379,-0.050407276
2025-06-04,-0.8037768,-0.46483913,-1.2419528,0.041081537,-0.55444986
2025-06-05,-0.26838955,-1.3934277,-1.2242817,-0.6364399,-0.24101003
2025-06-06,-0.33311218,-1.7211809,-0.75589913,-0.45429277,0.102438495
2025-06-09,-0.46870512,-1.1475372,-1.4041699,-0.95216227,-0.2764528
2025-06-10,-0.1567086,-2.773352,-0.7217765,-0.2983778,-0.32988358
2025-06-11,-0.027452908,-2.4538817,-0.9861746,-0.41383368,-0.73801476
2025-06-12,0.00829872,-2.5900497,-1.0290954,-0.31777006,-0.9608845
2025-06-13,-0.24696897,-2.5468395,-1.0687838,-0.57765317,-0.11184916
2025-06-16,-0.15212516,-2.745152,-0.66937006,-0.15278716,-0.16714987
2025-06-17,-0.14958811,-2.6222103,-0.9858401,-0.46115246,-0.18515575
2025-06-18,-0.0777664,0.013861717,-1.4039949,-0.7958833,-0.5569383
2025-06-20,0.009207893,-0.12360384,-1.5247939,-0.6954452,-0.23342295
2025-06-23,0.05593397,-0.19306302,-1.0347703,0.037010074,-0.008264852
2025-06-24,-0.19786058,0.08433446,-1.1665559,-0.15329324,0.05951867
2025-06-25,-0.25205445,0.42106205,-1.3527198,-0.7939207,-0.056159154
2025-06-26,-0.20077613,-0.8188795,-1.3641058,-0.15598665,-0.094113536
2025-06-27,-0.6005877,-0.45854735,-1.4803296,-0.20923106,-0.29973736
2025-06-30,-0.58402246,-0.8516931,-1.4506357,-0.17170294,-0.22681987
2025-07-01,-0.58152395,-0.3324353,-1.8321815,-0.77050453,-0.7966889
2025-07-02,-0.34842306,-0.09501276,-1.8517307,-0.2139052,-0.2755492
2025-07-03,-0.2529555,-2.5920634,-1.6682686,-0.37986994,-0.31371483
2025-07-07,-0.29859987,-2.4655447,-1.6880953,-0.40690887,-0.26764134
2025-07-08,-0.306074,-0.8330297,-1.8694813,-0.8880993,-0.5357418
2025-07-09,-0.25974947,0.10081302,-1.9057529,-0.19830115,-0.088406526
2025-07-10,-0.19888623,-0.7086708,-1.9711663,-0.023296323,-0.79823494
2025-07-11,-0.22978836,-0.14127187,-2.0170531,-0.27443746,-0.8558372
2025-07-14,-0.46733946,0.16182756,-1.9571759,-0.7238137,-1.2865989
2025-07-15,-0.5201327,-2.2907665,-1.6715573,-0.43268782,-0.603001
2025-07-16,-0.43071723,-2.439909,-2.2238483,-0.088588506,-0.94604963
2025-07-17,-0.38793385,-2.5347178,-2.1094003,-0.38207835,-0.38736448
2025-07-18,-0.56723714,-1.068125,-1.6411662,-0.9889801,0.3466952
2025-07-21,-0.60463893,-2.348581,-2.0198717,-0.8768889,-1.3651733
2025-07-22,-0.6470894,-2.3395865,-2.0575542,-0.45456615,-0.3695554
2025-07-23,-0.74021447,-2.5942864,-2.0035808,-0.37865648,-0.21977155
2025-07-24,-1.0424709,-1.2439004,-2.4317605,-0.5781301,-0.34458038
2025-07-25,-0.96959764,-0.71147054,-2.253232,-0.29137617,-0.6269581
2025-07-28,-0.33829692,-2.2827828,-1.1588732,-0.032059032,0.4166075
2025-07-29,-0.56328154,-0.24102734,-1.918759,-0.38038874,-0.9101087
2025-07-30,-0.82778865,-0.8733733,-1.8162067,-0.9019685,-0.9551725
2025-07-31,-1.143953,-0.4775414,-1.8488017,-0.36615524,-0.81089157
2025-08-01,-0.59533054,-1.0149162,-2.5629556,-0.47233832,-0.45449013
2025-08-04,-0.58233756,-2.361025,-1.9055209,-0.37734866,0.14841229
2025-08-05,-0.84782404,-0.23651312,-1.8227127,-0.35653383,-0.093044184
2025-08-06,-0.6487265,-0.36168632,-1.9289308,-0.017554771,-0.17386174
2025-08-07,-0.63164896,-0.002937091,-1.7878557,-0.7414579,-0.99468756
2025-08-08,-0.7077636,0.47368938,-1.800644,-0.012377435,-0.06678819
2025-08-11,-0.690205,0.15541667,-1.767899,-0.3336484,-1.0907682
2025-08-12,-0.5753465,-0.51004076,-1.7804688,-0.21534239,0.13269661
2025-08-13,-0.8075136,-0.35269973,-2.2590284,0.10128214,-0.8745213
2025-08-14,-0.53038466,-0.34991908,-1.8469231,0.13581632,-0.75710714
2025-08-15,-0.62762225,-0.43086728,-2.1540542,-0.24821931,-0.94892514
2025-08-18,-0.6460387,-0.49919945,-1.160049,-0.72602385,0.081121355
2025-08-19,-0.81750584,-0.25596866,-2.0965633,-0.3505275,0.16390803
2025-08-20,-0.5921683,-0.33194676,-2.2430196,-0.24002278,-0.90553087
2025-08-21,-0.48225865,-2.2640789,-2.2042718,-0.4164524,-0.57452196
2025-08-22,-0.58473486,-2.2708282,-2.0067244,-0.25397077,-0.21908908
2025-08-25,-0.676329,-2.2987483,-1.6511618,-0.54958034,-0.19598137
2025-08-26,-0.77983075,-0.41962177,-2.0390759,-0.08993113,-0.42910072
2025-08-27,-0.94993246,-0.24982424,-1.8267884,-0.66336524,-0.90417576
2025-08-28,-0.9592905,-0.4576167,-2.0304644,0.22416599,-0.9173101
2025-08-29,-0.46397766,-0.6030341,-1.7799244,-0.36521327,-0.015728116
2025-09-02,-0.5822448,-0.0046251235,-1.9497092,-0.32075563,0.0063176965
2025-09-03,-0.5207938,0.061900225,-2.2682772,-0.26791427,-0.27137747
2025-09-04,-0.5249808,-0.39403865,-2.12339,-0.25569957,-0.074988395
2025-09-05,-0.6243865,-0.16550104,-2.1830242,-0.23192175,-0.89971703
2025-09-08,-0.7086573,-0.3994997,-1.8837649,-0.75820327,-0.51643664
2025-09-09,-0.7994902,-0.38554752,-1.908088,-0.8039642,-0.8297565
2025-09-10,-1.2442726,-0.44819173,-1.8019127,-0.085415326,-0.94496965
2025-09-11,-1.2161883,-0.4173272,-1.5499575,-0.31539652,0.03301781
2025-09-12,-0.59394443,-0.15802264,-1.964883,-0.8994336,-0.48903292
2025-09-15,-1.298454,-0.41509297,-1.7088255,-0.35913953,-0.21789797
2025-09-16,-0.7515034,-0.6821123,-1.8379369,-0.85155946,-1.2894785
2025-09-17,-0.6815323,-0.32678145,-1.8427622,-0.89239216,-0.66131806
2025-09-18,-1.0640472,-0.4207033,-2.0418453,-0.31074393,-0.24535903
2025-09-19,-0.8422348,-0.46812642,-2.057741,-0.4278151,-0.2601971
2025-09-22,-1.1018175,-2.4109972,-1.9828515,-0.5379187,-0.4078878
2025-09-23,-1.0337747,-0.0889851,-2.1447573,-0.5008705,-0.1666817
2025-09-24,-1.0426515,-0.028852083,-2.255297,-0.38636404,-0.7178716
2025-09-25,-1.1514666,-0.31812614,-2.0009058,-0.47132394,-0.14304113
2025-09-26,-1.4189618,-0.43962458,-2.1009123,-0.3647649,-0.065808035
2025-09-29,-1.3838931,-0.4800047,-2.0034173,-0.9346536,-0.8471074
2025-09-30,-1.2046058,-0.051533,-1.8199825,-0.3548516,-0.5500467
2025-10-01,-1.3891647,-0.5116724,-2.1956465,-0.025078535,-0.92517346
2025-10-02,-1.75575,-0.45404315,-1.9426053,-0.44891956,-0.21500748
2025-10-03,-1.575309,-0.527242,-1.5970955,-0.82299423,0.33461186
2025-10-06,-1.8089188,-0.8413542,-2.583451,-0.069139905,-0.7538473
2025-10-07,-1.8853047,-1.5298282,-2.4790316,-0.43957654,-0.68977255
2025-10-08,-2.5218332,-0.6641936,-2.4134564,-0.4405786,-0.15041874
2025-10-09,-2.407622,0.052332457,-2.6733854,-0.33433002,-0.60547745
2025-10-10,-2.7068439,-0.33485013,-2.446711,-0.09736136,-0.21947402
2025-10-13,-2.8199515,-0.49758285,-2.326889,-0.17841557,-0.2677819
2025-10-14,-0.50515467,0.3197886,-1.3744582,-0.6956465,-1.6038414
2025-10-15,-0.3040476,0.5749475,-1.4097013,0.023617104,-0.74468046
2025-10-16,-0.4890626,0.5615044,-1.3386745,-0.30928195,0.04610521
2025-10-17,-0.58818126,0.68524265,-1.4977996,-0.047730207,-0.24311163
2025-10-20,-0.6103748,0.61157393,-1.3857397,-0.18476565,0.19145094
2025-10-21,-0.28332955,-0.42765668,-0.57316816,-0.7273297,0.13741776
2025-10-22,-0.4171319,-0.24044997,-1.933412,-0.37976068,-0.15058821
2025-10-23,-0.34562567,-0.3048935,-1.7636656,-0.22307803,0.0011403435
2025-10-24,-0.34288025,-0.31448555,-2.1895993,-0.14961843,-0.09716534
2025-10-27,-0.13528246,-0.3524676,-2.1830993,0.14190118,0.08038917
2025-10-28,-0.28115287,-0.42010072,-2.136203,-0.7491779,-0.37991983
2025-10-29,-0.36623684,-0.17403163,-0.61614513,-0.734724,0.14157917
2025-10-30,-0.38823688,-0.2994375,-1.9862725,-0.21461274,0.118189655
2025-10-31,-0.57004833,0.006366131,-1.8372568,-0.7510088,-0.8666157
2025-11-03,-0.42333248,-0.53553885,-1.7772876,-0.7030788,-1.2823302
2025-11-04,-0.5265722,-0.101699956,-2.1145916,-0.37968796,-0.018553993
2025-11-05,-0.7044056,-0.43697137,-2.343307,0.042144246,-0.91114503
2025-11-06,-0.17864077,-0.076733746,-2.1926289,-0.41234285,0.014965231
2025-11-07,-0.645412,-0.32892752,-1.8472832,-0.6839266,-0.8809428
2025-11-10,-0.4790494,-0.7031827,-1.860792,-0.0865389,-0.3259362
2025-11-11,-0.6392524,-0.57183653,-1.7901942,-0.732003,-0.40788856
2025-11-12,-0.5017257,-0.2325579,-1.6155314,-0.31117487,-0.47356755
2025-11-13,-0.39697865,-0.5314248,-1.6705079,-0.67260444,-0.15331219
2025-11-14,-0.33525097,0.01716512,-2.1192744,-0.7475052,-0.47224966
2025-11-17,-0.42532414,-0.006112074,-1.593965,-0.13404013,-0.0064261025
2025-11-18,-0.4722372,0.0070293737,-1.5540218,-0.2696915,-0.050533216
2025-11-19,-0.615486,0.19765562,-1.9356189,0.12150664,-0.84203047
2025-11-20,-0.48740795,-0.5346005,-2.0025144,-0.29716623,-0.3918718
2025-11-21,-0.50175315,-0.50795346,-1.6298479,0.07325115,0.17827937
2025-11-24,-0.25027543,-0.03941438,-1.6760625,-0.020615516,-0.35009015
2025-11-25,-0.17101334,-0.06845959,-1.6008642,0.044565327,-0.035868384
2025-11-26,-0.17982255,0.016997715,-1.6414317,-0.054532036,-0.14377984
2025-11-28,-0.17380182,0.049840953,-1.6956244,0.032872394,-0.25751454
2025-12-01,-0.35352224,-0.1355903,-1.490614,-0.47875813,-0.14588049
2025-12-02,-0.3303279,0.16792971,-1.7057979,-0.74219143,-0.8213016
2025-12-03,-0.2564743,-0.6926426,-1.7110026,0.051120944,-0.9341002
2025-12-04,-0.35310292,0.017521078,-1.9709467,-0.5323009,-0.24187464
2025-12-05,-0.45240998,-2.388257,-1.9090939,-0.90382576,-0.48039994
2025-12-08,-0.5027073,-2.2947116,-2.0013566,-0.41919094,-0.85421747
2025-12-09,-0.39751986,-0.976133,-2.627638,-1.0212381,-0.5379966
2025-12-10,-0.29163036,-1.4102161,-2.6001043,-0.5704975,-0.36421102
2025-12-11,-0.66233414,-1.1521399,-2.543723,-1.0126928,-0.4495034
2025-12-12,-0.563617,-2.4452267,-2.231702,-0.48188603,-0.08377044
2025-12-15,-0.74147326,-2.2946696,-2.0931203,-0.8367253,-1.3437539
2025-12-16,-0.5601825,-0.24647893,-2.2408476,-0.21696517,-0.9146301
2025-12-17,-0.49727586,-0.24883719,-2.2057943,-0.3769153,0.07594853
2025-12-18,-0.7001582,-0.32989976,-2.1096177,-0.14409737,-0.06493682
2025-12-19,-0.58872443,-0.5153995,-1.7942282,-0.16253711,0.04675086
2025-12-22,-0.64386237,-0.012368424,-2.1135178,-0.19141383,-0.1599423
2025-12-23,-0.6298208,0.18768485,-1.8324999,0.14123818,-0.19682676
2025-12-24,-0.68678063,0.17794538,-1.8177937,-0.7580093,-0.90384245
2025-12-26,-0.5583881,-0.28922006,-1.6603987,-0.7216264,-0.8289237
2025-12-29,-0.69418836,-0.44829178,-1.8792937,-0.33674312,-0.86906177
2025-12-30,-0.89038694,-0.28833258,-1.9518322,-0.2822235,-1.3936435
2025-12-31,-0.66794074,-0.928722,-1.6565017,-0.25428072,-0.12869495
2026-01-02,-0.65497667,-2.3784611,-2.24378,-0.642022,-0.5930971
2026-01-05,-0.5213542,-0.281699,-2.2075727,-0.35808173,-0.1808822
2026-01-06,-0.7038672,-0.9644089,-2.1837096,-0.42702344,-0.021006696
2026-01-07,-0.7632148,-0.7298937,-2.259867,-0.35948354,-0.8209005
2026-01-08,-0.6871168,-0.41126814,-1.2895184,-0.78314567,0.009964855
2026-01-09,-1.1954747,-0.35429507,-2.174302,-0.2748576,-0.13477501
2026-01-12,-0.58073264,0.008422848,-2.5389044,0.086446784,-1.2493695
2026-01-13,-1.3046625,-0.30358088,-2.3101125,-0.24552354,-0.5215771
2026-01-14,-0.6209772,-0.104942456,-2.4106984,-0.3605903,-0.20439507
2026-01-15,-0.64816177,-0.8306281,-2.4406662,-0.909634,-0.9461411
2026-01-16,-0.8104565,0.52310824,-2.5299258,-0.789721,-0.3363043
2026-01-20,-0.5339941,-0.0842418,-2.716757,-0.65977883,-0.30275664
2026-01-21,-0.9725245,-2.3978138,-2.1563535,-0.5158181,-0.057450008
2026-01-22,-0.6682937,0.5001447,-1.5959566,-0.03925848,-0.2123682
2026-01-23,-0.6311589,0.046540547,-1.3825552,-0.71279943,-1.0886554
2026-01-26,-0.63395506,0.51652896,-1.5595756,0.2456398,-0.1192787
2026-01-27,-0.67406327,0.42231837,-1.5394654,0.17638005,-0.4914686
2026-01-28,-0.67001534,0.0882167,-0.53574353,-0.6933325,-0.33616254
2026-01-29,-0.71824783,-0.35059735,-1.908605,-0.28166085,-1.3641497
2026-01-30,-0.8742279,-2.3560016,-1.5360082,-0.5308382,-0.19945584
2026-02-02,-0.52453965,-2.4939365,-2.090187,-0.43134612,-0.37522098
2026-02-03,-0.44923013,-2.4523406,-2.1432526,-0.24823555,-0.22088765
2026-02-04,-0.55021244,-2.3225765,-2.0938334,-0.46495554,-0.18699211
2026-02-05,-0.41131637,-0.30098054,-2.3823345,-0.3656546,-0.0328249
2026-02-06,-0.48817533,-0.4589153,-2.1315737,-0.31813815,-0.044212375
2026-02-09,-0.87719077,-0.28420013,-1.7251843,0.23882744,-0.15423974
2026-02-10,-0.5700468,0.116443634,-1.5196208,-0.42554268,-1.0504538
2026-02-11,-0.43573064,-0.05776747,-0.6807773,-0.73526216,-0.32753775
2026-02-12,-0.43078262,-0.51368886,-1.8562312,-0.7328873,-0.39892787
2026-02-13,-0.15166253,-0.50152194,-1.824853,-0.76241773,-0.53961045
2026-02-17,-0.4242632,-0.55503327,-1.7514228,-0.75339085,-0.69496083
2026-02-18,-0.50098836,-0.15544416,-1.8563138,-0.18053125,-0.15005407
2026-02-19,-0.32739228,0.030224519,-1.81704,-0.24808443,-0.7060128
2026-02-20,-0.40324265,-0.117694184,-1.8417054,-0.20241915,-0.097648926
2026-02-23,-0.56087995,-0.3022118,-1.8542134,-0.40178493,0.16225253
2026-02-24,-0.52982223,-2.578048,-1.8417089,-0.34637177,-0.25245884
2026-02-25,-0.27683797,-0.26743558,-2.0080163,-0.1532494,-0.09261888
2026-02-26,-0.2809764,-0.07867791,-1.8023729,-0.32099357,-0.1147142
2026-02-27,-0.3630737,-0.6655307,-1.7213862,-0.3937133,-0.087374836
2026-03-02,-0.62402976,0.15363865,-1.7957333,-0.7466872,-0.613412
2026-03-03,-0.49441925,-0.36202502,-1.8808333,-0.2842229,0.064587854
2026-03-04,-0.53078413,-0.3114864,-1.9695805,-0.14692901,-0.029121768
2026-03-05,-0.43836588,-0.3297084,-1.8699862,-0.30321813,0.18318261
2026-03-06,-0.48451638,-0.24745192,-2.1297317,-0.60714066,-0.04985293
2026-03-09,-0.53164697,-0.3946233,-1.9328979,-0.17240773,-0.07960603
2026-03-10,-0.3158831,-0.5221505,-1.8710754,-0.28044677,-0.23930098
2026-03-11,-0.29247898,-0.034847163,-1.7381002,-0.7267779,-0.72030354
2026-03-12,-0.6148522,0.03257746,-2.0309737,-0.64891833,-0.39059618
2026-03-13,-0.5005593,-0.6084633,-1.6527501,-0.110887855,0.24855974
2026-03-16,-0.55328566,0.019777287,-1.6011153,0.045489624,0.19333768
2026-03-17,-0.49453372,0.2694757,-1.8596549,-0.72901785,-0.87521553
2026-03-18,-0.4573056,-0.24746352,-2.0558145,-0.13436186,-0.11511765
2026-03-19,-0.3565783,-0.21098694,-1.9049191,-0.29434162,-0.6586033
2026-03-20,-0.44377583,-0.13608858,-1.7866905,-0.68795,-0.36594477
2026-03-23,-0.50324154,-0.61063635,-1.483477,-0.30052897,0.15727335
2026-03-24,-0.2155511,0.14727105,-1.3012649,-0.42784956,-0.81695324
2026-03-25,-0.21216989,0.1548508,-0.7977804,0.06327225,-0.19109984
2026-03-26,-0.24454767,-0.012510165,-1.4148481,-0.8997723,-0.14187287
2026-03-27,-0.542853,0.14668934,-2.0100195,-0.8341951,-0.16456382
2026-03-30,-0.046449777,-0.13341054,-1.2466996,-0.5222637,-0.54443735
2026-03-31,-0.6373147,-0.026887093,-0.5676092,-0.3234009,-0.23097068
2026-04-01,-0.18856934,0.07975783,-0.7633701,0.09277838,-0.08841662
2026-04-02,0.075668424,0.17732534,-0.78932375,-0.7452352,-1.1967579
2026-04-06,0.11770879,0.6268397,-0.5193793,0.45381534,-0.1261288
2026-04-07,0.15699893,-0.641511,-1.1118118,-0.79036653,-0.6892366
2026-04-08,0.25457215,-0.17731231,-0.30385467,0.02792238,-0.22295728
2026-04-09,-0.048038654,-0.09598186,0.4463524,-0.27978948,0.20508486
2026-04-10,0.023334943,0.14942463,0.15381132,-0.09414707,-0.6021381
2026-04-13,0.074973255,0.15451942,0.36293653,-0.60508317,0.058320332
2026-04-14,0.18370934,0.16514437,0.37785104,-0.90963054,-0.019213542
2026-04-15,0.3223377,0.01718847,-0.12913774,-0.29372972,-0.0124414135
2026-04-16,0.30926695,-0.18817207,-0.1251735,-0.22684741,-0.5762342
2026-04-17,0.33116645,-0.12055105,-0.14264712,-0.98756087,-0.005132797
2026-04-20,-0.10753967,-0.5232109,0.26957336,-0.27946278,-0.63084424
2026-04-21,0.15095258,-0.25910267,0.041533407,-0.28601128,0.12393987
2026-04-22,-0.67472667,-0.04303543,-0.28179953,-0.32196254,0.08160213
2026-04-23,-0.80733746,-0.06105762,-0.96190387,-0.331813,-0.2335801
2026-04-24,-0.8588627,-0.20738345,-0.99455994,-0.25664943,-0.086825706
2026-04-27,-0.812275,-0.2165656,0.11944336,-0.28865647,-0.74637586
2026-04-28,-0.85636747,-0.19583972,-0.38140643,-0.4013258,-0.07597904
2026-04-29,-0.38295636,0.24916776,-0.60895336,0.11214796,-0.4869367
2026-04-30,-0.29873732,0.18227547,-0.34053776,-0.4330949,-0.12284732
2026-05-01,-0.5523088,-2.362521,0.19332285,-0.22691429,-0.6600231
2026-05-04,-0.69188243,-0.003982138,-0.014129252,-0.58719033,-0.2986551
2026-05-05,-0.47615856,-0.98071885,-0.28553128,-0.3827844,-0.1395396
2026-05-06,-0.39146712,-0.34348667,0.55031466,-0.62225133,-0.12561446
2026-05-07,-0.5365547,0.06398696,0.6180358,-0.5841732,-0.63951373
2026-05-08,-0.62941676,-0.69915015,0.15734519,-0.4843936,-0.06812615
2026-05-11,-0.41470551,-0.27681538,0.12672435,0.09290346,0.011071636
2026-05-12,-0.47483963,-0.45195025,0.1744385,-0.5702776,-1.0869935
2026-05-13,-0.28681862,-0.48931178,0.49802455,0.017629141,0.28617576
2026-05-14,-0.20891327,-0.28294143,0.054863725,-0.3272468,0.022000143
2026-05-15,-0.4125844,-0.45858097,0.23692305,-0.08086663,-0.025991546
2026-05-18,-0.28116095,0.18025935,0.4617003,0.025563635,-0.14699152
2026-05-19,-0.24020699,-0.12658644,0.06349603,-0.14689432,0.15614396
2026-05-20,-0.32167,-0.19909967,0.053613707,-0.4595785,0.056714054
2026-05-21,-0.24115378,-0.13637763,0.16256672,-0.057921853,-1.121311
2026-05-22,-0.30449924,0.16870838,0.17674933,-0.05771557,-0.5879002
2026-05-26,-0.2524594,-0.4467707,0.040286,-0.051841557,0.2829821
2026-05-27,-0.17472501,-0.15730289,0.2140246,0.18210788,-0.35372832
2026-05-28,-0.08580115,-0.1158678,0.29681054,-0.016049983,0.2692118
2026-05-29,-0.52155024,-0.4556862,-0.015964948,-0.27971405,-0.12854493
2026-06-01,-0.47109613,-2.0857852,0.043831967,-0.3547922,-0.60757476
2026-06-02,-0.5541305,-2.0418305,0.12402508,-0.47323477,-1.2075146
2026-06-03,-0.5803813,-2.0606775,0.21494684,-0.17148188,-0.077194646
2026-06-04,-0.78665185,-2.0258486,0.15885043,-0.12676427,-0.22739337
2026-06-05,-0.8494619,0.42295286,0.20293608,0.10763614,-0.07368657
