Date,EWMA Volatility (σ̂),Volatility Momentum (Δσ̂),Risk–Vol Divergence (R̂−σ̂),Loss–Risk Divergence (L−R̂),Absolute Loss (|L|)
2021-02-17,-0.37789112,-2.0743413,-3.2863474,-0.79267013,-0.4574436
2021-02-18,-0.2820707,-1.1594106,-3.918313,-0.8568508,-0.28939006
2021-02-19,-0.49114993,-1.0977758,-4.107097,-0.8629927,-0.6947374
2021-02-22,-0.47215465,-1.2104695,-4.0670147,-0.8700378,-0.23575889
2021-02-23,-0.50907016,-0.8868552,-4.125157,-0.73311615,-0.5617162
2021-02-24,-0.441608,-2.2624867,-3.5336015,-0.70260084,-0.11758097
2021-02-25,-0.29446083,-1.7004477,-3.6582053,0.1368105,0.054835476
2021-02-26,-0.4036636,-0.3514857,-3.9328582,-0.7003939,-0.08467892
2021-03-01,-0.7215816,-0.24375227,-3.7489357,-0.37596682,-0.32164758
2021-03-02,-0.48830545,-0.2899863,-3.7942777,-0.30638346,-0.10690764
2021-03-03,-0.03382715,0.50059974,-4.0421176,0.019045787,0.03640311
2021-03-04,-0.063786276,0.43787834,-4.0662136,-0.09651513,-0.09225257
2021-03-05,-0.044914063,0.5957785,-3.9841216,-0.36642343,-0.16630238
2021-03-08,-0.04422869,-0.07455171,-4.098612,-0.30346447,-0.10518723
2021-03-09,-0.0637991,0.5221937,-4.082671,-0.27694032,-0.20171799
2021-03-10,-0.10422533,-0.6180006,-4.0401335,-0.53400916,0.023563758
2021-03-11,-0.08754463,-0.053205773,-4.06731,-0.47587442,0.09757682
2021-03-12,-0.10655149,-0.6698241,-4.0308857,-0.47774112,-0.45919853
2021-03-15,-0.11777858,0.18173334,-4.0310397,-0.32739145,0.0077137873
2021-03-16,0.03782708,-0.4197575,-4.09026,-0.45219195,-1.0255859
2021-03-17,-0.009185457,-0.31317502,-4.2338753,-0.06836856,-0.7520035
2021-03-18,-0.60436386,-2.0152404,-3.522229,-0.38456157,-0.08666352
2021-03-19,-0.6249749,-2.1614766,-3.3908615,-0.3292491,-0.4023
2021-03-22,-0.13383645,-0.77895427,-4.043071,-0.5216367,-0.021609183
2021-03-23,-0.5681136,-0.6556678,-1.9114387,-0.34557056,-0.07051744
2021-03-24,-0.58412707,-0.32435068,-1.9385813,-0.69819397,-0.1422156
2021-03-25,-0.55337447,-0.35598388,-1.9686184,-0.17520812,-0.18457966
2021-03-26,-0.4699609,-0.49985504,-1.5882888,-0.2182276,-0.032142386
2021-03-29,-0.41073388,-1.0172791,-1.5935218,-0.7345544,-0.38953507
2021-03-30,-0.66289073,-0.28468174,-1.8935997,-0.7564704,-0.9587737
2021-03-31,-0.6257222,-0.082813,-1.5999637,-0.20017768,-1.0660824
2021-04-01,-0.3349691,-0.48867092,-1.4855369,-0.056873217,0.17499675
2021-04-05,-0.24762967,-0.33352575,-1.8775468,0.052255973,-0.08693531
2021-04-06,-0.19008398,-0.31122464,-1.9062665,-0.77385193,-0.46954358
2021-04-07,-0.56820875,-0.00147605,-1.5329803,-0.70917135,-1.2096993
2021-04-08,-0.2866718,-0.08890285,-1.9111804,-0.1391683,-0.5067075
2021-04-09,-0.22403708,-0.044386882,-1.6296563,-0.16449596,-0.08565269
2021-04-12,-0.14810829,0.016495354,-0.8136961,-0.2174156,0.5803004
2021-04-13,-0.20397842,-0.3518517,-2.0846808,-0.118290916,-1.0520837
2021-04-14,-0.061587363,-2.289706,-1.9439412,-0.4066819,-0.4902634
2021-04-15,-0.33722836,-2.4740279,-1.8819356,-0.5938816,-0.16904673
2021-04-16,-0.4764308,-2.3915396,-2.1646123,-0.37441763,-1.0545334
2021-04-19,-0.25585687,-0.23227692,-2.066152,-0.2980975,-0.07962503
2021-04-20,-0.33106717,-0.3015798,-2.117887,-0.38114002,0.07022736
2021-04-21,-0.3002623,-0.3622613,-2.03495,-0.4608588,0.062971555
2021-04-22,-0.21756582,-0.23691934,-2.0582638,-0.1011919,0.08219827
2021-04-23,-0.41353905,-0.2508194,-1.8312036,-0.4681382,0.04408869
2021-04-26,-0.36399257,-0.025072182,-1.8262084,-0.73572344,-0.77581227
2021-04-27,-0.48924464,0.085723765,-1.7339214,-0.75388306,-0.7102043
2021-04-28,-0.40133297,-0.65449756,-1.6987048,-0.7510777,-0.583222
2021-04-29,-0.3259965,-0.24169642,-1.948836,-0.16909173,0.03678464
2021-04-30,-0.55047804,-0.23588555,-1.952289,-0.13522834,0.074797325
2021-05-03,-0.6556757,-0.64116496,-1.9862783,-0.77854395,-0.82716364
2021-05-04,-0.5908745,-0.21500088,-2.066827,-0.17261317,0.08712957
2021-05-05,-0.44644853,-0.6542269,-1.9623123,-0.7324142,-0.51881766
2021-05-06,-0.41591913,-0.4574062,-1.8882413,-0.17360058,-0.022902187
2021-05-07,-0.72824955,-0.45390844,-2.0832596,-0.16626321,-0.027368069
2021-05-10,-0.60582715,-0.283546,-2.2699149,-0.32765713,0.15489337
2021-05-11,-0.57543075,-0.27366522,-2.138488,-0.0669047,0.15614405
2021-05-12,-0.678985,0.15261745,-2.117773,-0.49657243,-0.29473126
2021-05-13,-0.7790072,0.13978429,-1.8747382,-0.3777532,0.028480358
2021-05-14,-0.32954925,0.38793236,-1.5322607,-0.20139349,0.018817222
2021-05-17,-0.38306063,0.026159838,-1.6155223,-0.3226468,-1.2417319
2021-05-18,-0.32155266,0.44549572,-0.76735646,-0.083708845,0.106439814
2021-05-19,-0.24155658,0.02057138,-1.4612675,-0.31120634,-1.2399538
2021-05-20,-0.18825679,0.39711794,-1.2232898,-0.18276313,0.104968674
2021-05-21,-0.3450458,-0.6923085,-1.6585522,-0.7651203,-0.6039735
2021-05-24,-0.33940354,-0.42836908,-1.6181153,-0.04496304,0.14658675
2021-05-25,-0.18714027,-0.16339341,-2.1073644,-0.21375461,-0.24169028
2021-05-26,-0.17882253,-0.43092203,-1.8945863,-0.72527355,-0.4944771
2021-05-27,-0.16504915,-0.3116387,-1.9041004,0.3017611,-0.68671185
2021-05-28,-0.309825,-0.35384747,-1.9899874,-0.75310713,-0.56027627
2021-06-01,-0.37945762,-2.2470646,-1.9269234,-0.9019837,-0.47771645
2021-06-02,-0.3607688,-2.22807,-1.9383187,-0.654522,-1.2150686
2021-06-03,-0.04692734,-1.1083335,-2.6701787,-0.5695797,-0.9156505
2021-06-04,-0.5051154,-1.4264241,-2.4126277,-0.45670956,-0.20792894
2021-06-07,-0.62123644,-1.0171249,-2.344222,-0.9521535,-0.500798
2021-06-08,-0.45984155,-0.08051464,-1.3383759,-0.76955456,0.01121355
2021-06-09,-0.7110483,-0.19914278,-2.3682592,-0.0563754,-0.85644746
2021-06-10,-0.8991042,-0.3288583,-2.140007,-0.2593129,-0.14629914
2021-06-11,-0.658688,-0.28914362,-2.202145,-0.81077856,-0.63135785
2021-06-14,-0.44060078,0.0075475313,-1.4139497,-0.24837497,-0.91626245
2021-06-15,-0.6203508,-1.0158664,-1.8021286,-0.4572338,-0.5735471
2021-06-16,-0.49429333,-1.0543377,-1.683175,-0.4245981,-0.15376595
2021-06-17,-0.9193131,-1.9920652,-1.1646501,-0.61688125,-0.53335387
2021-06-18,-0.3491366,-2.2105803,-1.5128651,-0.7583339,-0.029311243
2021-06-21,-0.39122537,-2.3045123,-1.0413448,-0.2546817,0.18175086
2021-06-22,-0.5503554,0.06520668,-0.88678986,-0.72612643,-0.022956103
2021-06-23,-0.62421864,-0.30356383,-0.7265469,-0.38803074,-0.7370406
2021-06-24,-0.6581225,-0.50020456,-0.618132,0.25171825,0.1577592
2021-06-25,-0.81349796,-0.16168115,-0.78615576,-0.7134521,-0.91575485
2021-06-28,-0.8694479,-0.539746,-0.9709665,-0.3426978,-0.48215497
2021-06-29,-0.6546125,0.062585674,-0.92203707,-0.38993657,-0.9057661
2021-06-30,-0.4195649,-0.7785559,-1.2244612,-0.48764786,-1.3344939
2021-07-01,-0.6261386,-2.2338054,-1.0097618,-0.95703274,-0.16019309
2021-07-02,-0.8099352,-2.2334414,-0.9063656,-1.0262378,-0.1685226
2021-07-06,-0.5548968,-2.1728034,-1.4971303,-0.41188484,-0.6063456
2021-07-07,-1.0026453,-0.1585854,-1.2997413,-0.80223006,-0.90426105
2021-07-08,-0.38106623,-0.2019966,-1.5848818,-0.663764,0.09087006
2021-07-09,-0.528947,-0.36596265,-1.0587388,-0.009185366,0.20714836
2021-07-12,-0.5158524,-0.45567575,-1.3388883,-0.82673734,-0.99174684
2021-07-13,-0.4237493,-0.13186572,-1.0891696,-0.13457914,-0.8573296
2021-07-14,-0.8979989,-0.03688182,-1.1335655,-0.37558267,-0.91523516
2021-07-15,-1.0324138,-0.11456899,-1.1266445,-0.168861,-0.85586077
2021-07-16,-0.5390071,-0.00031692837,-1.3379778,-0.5788048,-0.040128265
2021-07-19,-0.3101647,-0.06258166,-1.3878946,-0.57434624,-0.11418797
2021-07-20,-0.29711917,-0.7143235,-0.9627665,-0.31975648,-0.07555431
2021-07-21,-0.6161442,-0.257872,-0.49243203,-0.7249061,0.05582108
2021-07-22,-0.17266959,0.11304007,-0.73211783,-0.33163613,-0.6393159
2021-07-23,-0.24514528,0.4956429,-0.30412912,0.28602687,0.17560993
2021-07-26,-0.65374964,0.0718138,-0.6582695,-0.3205409,-1.2442008
2021-07-27,-0.07526341,0.452924,-0.42567375,-0.014768333,0.045302115
2021-07-28,-0.6685426,-0.32231298,-0.7367189,-0.4492593,-0.4085992
2021-07-29,-0.3496733,-0.3634092,-1.0621129,-0.76523644,-0.39489126
2021-07-30,-0.5257701,-0.24280134,-0.93384916,-0.25578785,-0.0070139654
2021-08-02,-0.94748557,-0.6108344,-1.0627103,-0.19083142,-0.7456658
2021-08-03,-0.75049317,-2.4332707,-0.6519783,-0.96233934,-0.12627235
2021-08-04,-0.35661593,-2.1762712,-0.9083879,-0.15488234,-0.095443934
2021-08-05,-0.82195616,-0.71624315,-0.8639561,0.25954348,0.13318843
2021-08-06,-0.26453483,-0.23326454,-0.943987,-0.26500252,-1.3854644
2021-08-09,-0.5185661,-0.37549895,-1.0309528,-0.37493375,-0.62274474
2021-08-10,-0.4660497,-0.22464281,-1.1699808,-0.39953232,-0.7389747
2021-08-11,-0.71918285,-0.2662521,-1.2104974,-0.4151386,-1.0280911
2021-08-12,-0.8644164,-2.1502817,-1.1933603,-0.97567785,-0.54019463
2021-08-13,-0.49273962,-2.0262654,-1.4479903,-0.57161313,-1.2627217
2021-08-16,-0.49002194,-0.87802845,-1.9948289,-0.593155,-0.94143087
2021-08-17,-0.78292507,-0.8479275,-1.9122292,-0.71768355,-0.1373997
2021-08-18,-0.3325651,-2.2919083,-1.5510105,-0.5018184,-0.042580426
2021-08-19,-0.6412406,-0.5278885,-1.4203184,-0.4660554,-0.8905583
2021-08-20,-0.67078847,0.16217831,-1.0559785,-0.82546794,-0.0029542465
2021-08-23,-0.7866207,-0.019817479,-1.1618644,-0.06265749,0.085340016
2021-08-24,-0.81131315,-0.44077963,-1.1635953,-0.44290534,-1.3343078
2021-08-25,-1.1866999,-0.3506644,-1.0217347,-0.37544683,-0.45546556
2021-08-26,-0.6741149,-0.39096233,-1.1218513,-0.33686236,0.14365363
2021-08-27,-0.55004215,0.007582795,-0.9814864,0.21345064,0.1297518
2021-08-30,-0.6058096,-0.8710738,-1.0764252,-0.8392903,-0.08672221
2021-08-31,-1.0934924,-0.7900062,-1.083212,-0.38529992,-1.279886
2021-09-01,-0.39148805,-0.37563458,-1.2079548,-0.5121444,-0.7024411
2021-09-02,-0.51332974,-0.35734445,-1.4307947,-0.38565314,-0.7936462
2021-09-03,-0.9279159,-0.4005995,-1.1941985,-0.51903224,-0.74143445
2021-09-07,-0.83685017,-0.27308637,-1.5298985,-0.28821906,-0.85449004
2021-09-08,-0.7897981,-1.9729302,-1.3018566,-0.48550782,-1.2026805
2021-09-09,-0.9935494,-0.7855717,-1.7093724,-0.70812345,-0.10796435
2021-09-10,-1.4091984,-2.0040886,-1.4497182,-0.4802689,-0.22182918
2021-09-13,-1.4304875,-1.8793815,-1.3830528,-0.6937692,-0.48543924
2021-09-14,-1.2250777,-0.29691282,-1.3845986,-0.40377995,0.13335827
2021-09-15,-2.019557,-0.41273588,-1.0600019,-0.8785099,0.08075562
2021-09-16,-1.8114283,-0.4042748,-1.2426465,-0.29470778,-1.1410531
2021-09-17,-1.1913415,-0.4512567,-1.190584,-0.45778832,0.12839907
2021-09-20,-1.2619189,-0.88638824,-1.2170713,-0.548549,0.033494927
2021-09-21,-0.86571544,-0.7326043,-1.1161107,-0.2822063,-0.6762221
2021-09-22,-0.9217666,0.3452815,-0.615238,-0.73203105,0.074139334
2021-09-23,-0.59703934,0.39914212,-0.7516425,0.36611298,0.19013983
2021-09-24,-1.2986984,-0.3201849,-0.09390403,-0.21139714,-1.4006319
2021-09-27,-0.6051712,-0.25658253,-0.121315114,-0.23174517,-0.8320578
2021-09-28,-1.053965,-0.4278534,-0.08860766,-0.6888908,-0.030462217
2021-09-29,-1.2242177,-0.8695373,-0.15208328,-0.22053896,-1.064262
2021-09-30,-0.49120805,-0.41112867,-0.7260411,-0.878481,0.00249934
2021-10-01,-0.30809677,-0.57753634,0.08604586,-0.81310755,-0.026057232
2021-10-04,-0.37027487,-0.7244831,-0.6366769,-0.5849194,-0.0019098801
2021-10-05,-0.2716924,-0.017391883,-0.37512642,-0.72742844,-0.01614219
2021-10-06,-0.24771428,-0.38078225,-0.33719552,-0.47052085,-0.3484919
2021-10-07,-0.20776373,-0.09969285,-0.1749229,-0.5822105,0.033395417
2021-10-08,-0.19883682,-0.09608133,-0.326564,-0.20195745,-0.0682465
2021-10-11,-0.25066513,-0.7034946,-0.41321257,-0.17623083,0.067123435
2021-10-12,-0.26081035,-0.3985857,-0.345535,-0.19489653,-0.7287453
2021-10-13,-0.25620085,-0.10043852,-0.3928432,-0.3550691,-0.7082534
2021-10-14,-0.28003705,-0.75598264,-0.2728751,-0.047138963,-0.00939142
2021-10-15,-0.201485,-0.53753585,0.030604048,-0.56821036,-0.012291564
2021-10-18,-0.28762522,-0.8539989,-0.25120082,-0.38568583,-0.69520235
2021-10-19,-0.2855765,0.0860601,-0.11737071,-0.5302478,-0.024257727
2021-10-20,-0.31764823,-0.8501033,-0.30405346,-0.40402612,-0.6773995
2021-10-21,-0.33622718,0.26217607,-0.44944632,-0.33894548,-0.601633
2021-10-22,-0.33093965,0.12057395,-0.5239759,-0.19296809,-0.40618965
2021-10-25,-0.2375504,-0.09618941,-0.09693175,-0.3017938,-0.06663148
2021-10-26,-0.1493443,-2.2971087,-0.14546083,-0.34880522,-0.6186901
2021-10-27,-0.5926829,-2.2511377,-0.28884926,-0.58019483,-0.13780428
2021-10-28,-0.24443778,-2.3936222,-0.03734953,0.15385528,-0.10585883
2021-10-29,-0.4035598,-2.167865,0.3479129,-0.1664505,-0.34878632
2021-11-01,-0.4913949,-0.11643482,0.30674353,-0.05760388,-0.64823383
2021-11-02,-0.446638,-0.14005665,0.5107816,-0.18126303,-0.66489244
2021-11-03,-0.7154801,-0.45524284,-0.21333838,-0.343877,0.17735685
2021-11-04,-1.1071771,-0.1218665,-0.26392207,-0.18779801,-0.16125381
2021-11-05,-1.0786344,-0.09509945,-0.35596827,-0.15693457,-0.66632926
2021-11-08,-0.65338236,-0.47758785,-0.48532176,-0.14751802,-0.46450934
2021-11-09,-0.697207,0.037074875,-0.5396019,0.022399658,-0.67273796
2021-11-10,-0.6766895,-0.46864748,-0.77829975,-0.4053094,0.09550272
2021-11-11,-1.1616133,0.37027398,-0.6926404,-0.09184765,-0.18284112
2021-11-12,-0.78344804,-0.031900216,-0.43699035,-0.36961553,0.07604595
2021-11-15,-1.234314,0.07378719,-0.6909343,-0.17062502,-0.616824
2021-11-16,-1.2462064,-0.13570951,-0.64341056,-0.22833425,-0.69309306
2021-11-17,-0.8054037,-0.14631641,-0.6250624,-0.21663058,-0.78439313
2021-11-18,-0.8488575,-0.22683196,-0.67160064,-0.2679595,-0.6814265
2021-11-19,-0.81242657,0.19976759,-0.74965656,-0.38715824,-1.0384701
2021-11-22,-1.3092955,0.00592087,-0.75289214,-0.48761845,-0.6313989
2021-11-23,-0.7590763,-1.8875347,-0.774906,-0.31019333,-1.0281148
2021-11-24,-1.1905305,-2.1008494,-0.74379283,-0.39267278,-0.33589822
2021-11-26,-0.88718903,-0.40689328,-0.82431996,0.92462885,0.33953625
2021-11-29,-1.7424059,-2.2141874,-0.7445391,-0.32307458,-0.16268873
2021-11-30,-0.78932095,-0.58051884,-0.7393411,-0.6698651,-0.046314932
2021-12-01,-0.40500274,-0.33289036,-0.59386986,-0.8213989,0.0005161802
2021-12-02,-0.36441293,-0.0073475265,0.07579733,0.23558989,-0.06258903
2021-12-03,-0.49516073,-0.15176345,0.22185297,-0.39429873,0.13653634
2021-12-06,-0.45992687,-0.085301876,-0.0121903345,-0.95883185,-0.051120043
2021-12-07,-0.5296129,-0.054875676,0.071212016,-0.27131498,-0.07456631
2021-12-08,-0.41834545,-0.4329223,0.18565409,-0.30793464,-0.9077099
2021-12-09,0.111768104,-0.69421905,0.45323303,-0.20159166,-0.038341865
2021-12-10,-0.8238019,-0.4534216,0.2525618,-0.9133766,0.016207693
2021-12-13,-0.85527945,-0.23380549,0.8825414,-0.24362166,0.097312495
2021-12-14,-0.72925365,-0.18240373,0.86037946,0.18124269,-0.01116781
2021-12-15,-0.83247155,-0.6344169,0.6952999,0.04884638,-0.21095511
2021-12-16,-0.8462381,-0.032781858,0.6684324,-0.437524,0.19063912
2021-12-17,-0.9053391,0.24498078,0.3231713,-0.29194418,0.0206986
2021-12-20,-0.9053263,0.18096566,0.40643603,-0.3540218,-0.03370508
2021-12-21,-0.8820504,-0.013577252,0.16463627,-0.1482581,-0.034362514
2021-12-22,-0.849568,-0.08538686,0.14886065,-0.9091756,0.030606095
2021-12-23,0.48101714,-0.4562526,0.23957488,-0.4271141,0.16567808
2021-12-27,0.3742917,-0.5834467,0.35344213,0.35096735,-0.080701776
2021-12-28,0.39940655,0.008476445,0.4294277,-0.15454644,-0.36873585
2021-12-29,0.46221775,-0.47882745,0.36105976,-0.19108014,-1.0564433
2021-12-30,0.11069403,0.29630917,0.2715166,-0.24930298,-0.6195447
2021-12-31,-0.7530216,-0.16144279,0.31864312,-0.3612289,-0.58902085
2022-01-03,-0.75776404,0.47447234,0.54618376,-0.2672311,0.043632824
2022-01-04,-0.47771966,-0.31116974,0.7325099,-0.04726661,-0.21653466
2022-01-05,-0.6513473,-0.50315183,0.32794142,0.16112351,-0.21768448
2022-01-06,-0.41711617,-0.6324027,0.20120804,-0.31831735,-0.22282407
2022-01-07,-0.76103175,-0.36612403,0.8405073,-0.29307747,-0.1432559
2022-01-10,-0.7575461,-0.27558538,0.5656359,-0.13866608,-1.041551
2022-01-11,-0.4601733,-0.30361032,0.476429,-0.87024015,0.08770302
2022-01-12,-0.02038098,-0.08558464,0.5850443,-0.21663094,-0.49961433
2022-01-13,-0.18501778,-0.7737952,0.6132913,-0.22366172,-0.118994586
2022-01-14,-0.36137608,-2.069507,0.55218786,-0.19607212,-0.3269642
2022-01-18,-0.28445253,-0.037321053,0.7607945,0.017956052,-0.07742926
2022-01-19,-0.46258348,-0.063619584,0.68780303,-0.3103434,0.15187092
2022-01-20,-0.8592552,-0.13160637,0.61097735,-0.4124806,-0.05132425
2022-01-21,-0.90805584,-0.36403495,0.6813975,-0.28862453,-0.09433394
2022-01-24,-0.7373212,-0.36279985,0.5096455,-0.2759747,-0.44517908
2022-01-25,0.31634158,-0.3251404,0.48673016,-0.36266,0.07174908
2022-01-26,-0.659518,-0.32348248,0.20230909,-0.2218701,-1.0637299
2022-01-27,0.14716618,-0.2913459,-0.104811974,-0.1210566,-0.03645592
2022-01-28,-0.88051516,-0.18736154,-0.5834706,-0.024340058,-0.23508766
2022-01-31,-0.874626,-1.035061,-0.13079102,-0.18249089,-0.005208656
2022-02-01,0.32139456,-0.60749525,-0.19680831,-0.3711331,0.1196527
2022-02-02,0.25555855,-0.29279858,0.06071817,-0.7608734,0.02672859
2022-02-03,0.018030467,-1.0968617,0.2128439,-0.9157108,-0.28110984
2022-02-04,0.38606527,-0.51173085,-0.24949402,-0.48170578,0.037600692
2022-02-07,0.077398516,-0.25886548,-0.079529725,-0.12877712,-1.0366614
2022-02-08,0.32832512,-0.50339997,-0.3343451,-0.7289019,0.09042072
2022-02-09,0.10135419,-0.014951554,-0.3573337,-0.05707219,-0.11346003
2022-02-10,-0.25516,0.1579577,0.032318298,-0.12188682,-0.219259
2022-02-11,-0.20978539,-0.8850417,-0.10772789,-0.3422465,-0.17352709
2022-02-14,0.14266434,-0.21633095,-0.17015766,-0.01233306,-0.7200024
2022-02-15,0.080348775,-0.6631946,0.120862916,0.042944334,-0.22799169
2022-02-16,0.1750841,-0.7438905,-0.050274987,-0.08005137,-0.34599945
2022-02-17,-0.11777822,-0.64781433,0.27098817,-0.63550603,-0.21920396
2022-02-18,0.1350698,-0.07525508,-0.113049574,-0.08460582,-0.00804047
2022-02-22,-0.050280686,-0.6942306,0.21924464,-0.31880304,0.056680612
2022-02-23,-0.18332657,-0.28692678,0.24021539,-0.054899935,-0.12400914
2022-02-24,-0.055955082,-1.0472959,-0.23290871,-0.07629252,0.077107064
2022-02-25,-0.20648974,0.07941065,-0.22226918,-0.59075034,-0.44341055
2022-02-28,-0.10317849,-0.050060876,0.52076596,0.14861162,-0.52365214
2022-03-01,-0.22205909,-0.42954883,-0.35045624,-0.51526666,-0.5030035
2022-03-02,-0.3059632,-0.5454118,0.18674605,-0.007877424,-0.29495433
2022-03-03,-0.18077792,-0.11325838,0.28425723,-0.04817696,-0.035263225
2022-03-04,-0.06904147,-0.07120707,-0.12493612,-0.44007406,-0.042176258
2022-03-07,-0.5610763,-0.33762118,0.20661207,-0.8964048,-0.4874814
2022-03-08,0.0028363338,-0.18474418,0.21520814,-0.119068675,0.035084527
2022-03-09,0.36234844,0.009478019,-0.6428124,0.016179098,-0.4679227
2022-03-10,-0.78843266,-0.07304069,0.26314443,-0.16633451,-0.01816244
2022-03-11,0.66459763,-0.2670588,-0.68534493,-0.46158573,-0.007631378
2022-03-14,0.42202884,-0.28616068,-0.2600567,-0.004632456,-0.10139166
2022-03-15,-0.8702888,-0.09557006,-0.48964497,-0.3889289,-0.43963844
2022-03-16,-1.0102886,-0.42894554,-0.48720634,-0.68564487,-0.4544882
2022-03-17,0.48184845,0.045197472,-0.31224003,-1.0792533,-0.07736148
2022-03-18,0.55385697,-0.9484095,-0.9404256,-1.0482416,-0.071804136
2022-03-21,0.579979,0.2990941,-0.19750588,-0.081259675,-0.7869302
2022-03-22,0.5956686,0.23657058,-0.09399344,-0.7015754,-0.1648578
2022-03-23,-1.0423664,0.1854898,0.01975875,-0.2738065,-0.03623659
2022-03-24,-0.93157446,-0.5045201,-0.051856868,-0.10557039,-0.1369658
2022-03-25,-0.8635725,-0.6664501,0.32111263,-0.38855794,0.058221344
2022-03-28,-0.8707494,-0.13502865,0.3179785,-0.23748381,0.010961542
2022-03-29,-0.06752246,-0.71171504,0.031197302,-0.9877157,-0.034987092
2022-03-30,-0.1118078,-0.21096723,0.04763272,0.028439745,0.12942228
2022-03-31,-0.22506863,-0.07051795,-0.114626594,-0.36033735,-0.34868994
2022-04-01,-0.081662945,0.03069511,0.34245425,-0.33019987,-0.6487589
2022-04-04,-0.06075229,-0.11110854,0.29109776,-0.7191682,0.048161298
2022-04-05,0.009931277,-0.01763381,0.3539662,-0.23252986,0.1113301
2022-04-06,-0.06496155,-0.06768163,0.10593719,-0.36594743,0.17023626
2022-04-07,0.11833375,-0.05760555,0.09746127,-0.38081744,-0.072479405
2022-04-08,0.1930204,-0.1530606,-0.10974106,-0.27168536,-0.557891
2022-04-11,-0.15641037,0.3550697,0.10584622,-0.43737617,-0.2089491
2022-04-12,-0.09988349,0.4540408,0.1270899,-0.03632236,-0.6954628
2022-04-13,0.30149838,-0.21874031,-0.25140673,-0.6453341,-0.0790395
2022-04-14,-0.028418327,-0.049292352,0.0008638973,-0.23134805,0.12769823
2022-04-18,0.043577235,-0.19027928,7.4149575e-05,-0.109291226,-0.8193456
2022-04-19,0.095056154,-0.26600432,-0.27907255,-0.08041705,-0.23166856
2022-04-20,0.27432284,-0.17314458,-0.09795686,-0.10618202,-0.29562482
2022-04-21,-0.10373654,-0.21169485,0.039278183,-0.23555069,-0.0072892136
2022-04-22,-0.109679885,-0.06118705,-0.011800355,0.018711198,-0.29455253
2022-04-25,0.2589925,-0.2972449,0.7271329,-0.25068647,0.17969482
2022-04-26,-0.3229285,-1.0737957,-0.12511905,-0.8724552,-0.25771812
2022-04-27,0.15087785,-0.34016374,0.51072526,-0.45293328,0.05206676
2022-04-28,-0.71549517,0.57085544,0.42516175,0.19264524,-0.18837306
2022-04-29,-0.14730288,-0.755892,0.3522027,-0.88960063,-0.16335458
2022-05-02,-0.7544345,-0.11059707,0.056960717,-0.94087225,-0.02325559
2022-05-03,0.84824985,0.2246809,0.23956373,-0.6015598,-0.12313609
2022-05-04,1.0106978,0.7606662,0.35094297,-0.16165254,-0.15609355
2022-05-05,0.74276334,-0.91418874,0.6961096,-0.74319893,-0.14572392
2022-05-06,0.651846,0.35406065,0.7794562,-0.21731953,0.07957293
2022-05-09,0.12305882,-0.5561571,-0.125243,-0.8520805,-0.025804147
2022-05-10,-0.11600661,-0.0063233813,0.42482233,-0.9206432,-0.75656605
2022-05-11,-0.5001497,-0.6269651,0.38807485,-0.3590462,-0.11975903
2022-05-12,0.12599789,-0.61582756,0.46629366,-0.54735124,-0.9630325
2022-05-13,0.10282795,-0.03667616,0.37631795,0.15611137,-0.08024734
2022-05-16,-0.40410525,-0.2764819,0.57494617,-0.5127453,-0.31749415
2022-05-17,0.054543052,0.23544863,0.43827814,-0.08679423,-0.07437927
2022-05-18,-0.4527853,-0.28405905,0.68036526,0.108040676,-0.0940824
2022-05-19,-0.26208138,-0.3154943,0.27899104,-0.3849753,0.0099607315
2022-05-20,-0.21480313,-0.21488549,-0.1818928,-0.5240059,-0.50776416
2022-05-23,-0.24010232,-0.11750675,-0.2039495,0.26289225,-0.11396115
2022-05-24,-0.42599106,0.15553032,0.076421365,-0.42544782,-0.1302579
2022-05-25,0.3243495,-0.40165827,0.17153063,-0.21443029,0.042233735
2022-05-26,0.2319832,0.33787376,0.2728312,0.17459457,-0.080354325
2022-05-27,-0.4125026,-2.725855,0.31134775,-0.82237244,0.12411736
2022-05-31,-0.16003248,-0.48762855,0.25529534,-0.37008205,-0.01585795
2022-06-01,-0.02779036,-0.03718084,0.22061172,-0.52179646,-0.019720245
2022-06-02,-0.09474186,-0.52380663,0.46230406,0.06285428,-0.01104887
2022-06-03,-0.18693458,-0.30447084,0.15248898,-0.44752422,-0.081354
2022-06-06,-0.008555365,-0.17181355,0.29617912,-0.036351185,-0.7699999
2022-06-07,-0.21989855,-0.33730018,0.22581023,-0.42324126,0.0102616185
2022-06-08,0.46244526,-0.11274487,0.024466217,-0.23873213,0.0024559235
2022-06-09,0.44362816,-0.8623892,-1.3741364,-0.43176046,-0.28712857
2022-06-10,0.39263737,-0.4831836,-1.3717641,-0.2504189,-0.27103752
2022-06-13,0.63606143,-0.23364131,0.06731449,-0.06654473,-0.124317795
2022-06-14,-0.17741308,0.29728654,-1.2339475,0.20414901,-0.8324543
2022-06-15,-0.086724535,-0.3455152,0.1290868,0.38906163,-0.25095013
2022-06-16,-0.20604998,-0.7905765,-0.0011278043,-0.3519639,-0.1966278
2022-06-17,-0.32824695,-0.30452207,-1.1738697,0.26600516,-0.3270589
2022-06-21,-0.0324145,-0.082408324,0.5190121,0.1021389,-0.25077373
2022-06-22,-0.021403553,0.25878134,0.26486924,0.41185522,-0.8013896
2022-06-23,-0.27837023,-0.9169785,0.1535913,-0.18024215,-0.032725472
2022-06-24,-0.24588345,-1.0359589,0.094352365,-0.41693917,-0.46283525
2022-06-27,0.10276378,-0.4006211,-1.1237844,-0.8668993,-0.954672
2022-06-28,-0.38437316,-0.16855577,0.029380044,-0.23373432,-0.18513556
2022-06-29,-0.34383336,-0.27859104,-1.0977896,0.42731136,-0.4324807
2022-06-30,-0.5259419,-0.39577234,0.14373407,-0.46656194,0.012233996
2022-07-01,-0.25800705,-0.6285001,-0.81687003,-0.13779809,0.21292217
2022-07-05,-0.36366934,-0.6147022,-1.18684,-0.12320072,-1.1743252
2022-07-06,-0.48105624,-0.5410569,-1.0043585,-0.3143578,-0.9572868
2022-07-07,0.20386632,-0.7109101,-0.7711389,-0.038903497,0.0246808
2022-07-08,-0.020179823,-1.5194029,-1.3898644,-0.12175128,-0.49857304
2022-07-11,0.011686007,-2.7636874,-0.6381291,-0.4837977,-0.17484307
2022-07-12,-0.03754464,-2.7638202,-1.0325532,-0.69529223,-0.22295327
2022-07-13,0.15796328,-2.6600094,-1.0331804,-0.90439516,-0.20223199
2022-07-14,0.21119303,-0.5176356,-1.4503536,-0.9495824,-1.1072065
2022-07-15,0.1738207,-0.7337111,-0.898927,-0.084392525,-0.049032945
2022-07-18,-1.1295291,-2.6608377,-1.2842337,-0.55507123,-0.22380835
2022-07-19,0.34610194,-0.83635783,-0.796615,-0.39965603,-0.38763067
2022-07-20,-0.970743,-0.5171026,-1.233995,-0.37322253,0.035805017
2022-07-21,0.6417541,0.3459867,-0.76713467,-0.054259054,0.18692371
2022-07-22,0.45820287,0.3619442,-1.107588,-0.45768902,-0.012106194
2022-07-25,0.50541234,0.40493315,-1.2506089,-0.009551265,-1.3106967
2022-07-26,-0.8780108,-0.13819322,-1.2224163,-0.31480557,0.12517527
2022-07-27,-0.8576722,-0.2732801,-0.85466206,-0.40489975,-0.4358828
2022-07-28,-0.43222046,-1.2311977,-1.5380957,0.1033125,0.031254347
2022-07-29,0.4481774,-0.3947633,-0.83540696,0.392962,-0.050347827
2022-08-01,0.1372705,-0.5046071,-1.2097933,-0.83231014,-0.92171395
2022-08-02,0.26276994,0.33915922,-1.0812095,-0.33270907,0.053629078
2022-08-03,-0.80513513,0.19341995,-0.9878524,0.16504551,-0.27506325
2022-08-04,-0.1893914,-0.84647787,-1.7825745,0.31902388,-0.58125407
2022-08-05,-0.28193942,-0.33589357,-1.8177907,-0.7578095,-1.2662319
2022-08-08,-0.17405237,-0.28642762,-2.2402277,0.103269376,-0.6752433
2022-08-09,-0.49135408,-2.5229402,-2.0197728,-0.9164555,-0.51115394
2022-08-10,-0.4418167,-2.50278,-1.7221549,-0.70283765,-0.25211433
2022-08-11,-0.21775594,-2.5194583,-2.0314684,0.031301897,-0.4962014
2022-08-12,-0.3055087,-0.46435037,-2.0363843,-0.14443584,-0.09956272
2022-08-15,-0.15671659,-0.43009478,-2.2969162,-0.22604623,-0.7437219
2022-08-16,-0.19923055,-0.38451794,-2.2511005,-0.16320302,-0.39722103
2022-08-17,-0.16612236,-0.23984164,-1.9966747,-0.3212515,0.022999603
2022-08-18,0.13792916,-0.28299403,-2.2561712,-0.1336628,-0.391807
2022-08-19,-0.14772181,0.018981382,-2.2474306,-0.21700318,-0.06272684
2022-08-22,-0.17441286,-0.08580155,-2.589523,-0.28186658,-0.43281943
2022-08-23,-0.14557523,-0.39106268,-2.3835201,-0.8027153,-0.40818185
2022-08-24,-0.08494632,-0.40225914,-2.2006257,-0.14420816,-1.0260684
2022-08-25,-0.053351935,-0.3785451,-1.9308306,0.0774433,0.08627024
2022-08-26,-0.39568418,-0.082422115,-2.0150945,0.13751335,-0.31067082
2022-08-29,-0.092542805,0.34431106,-1.8721352,-0.23745063,0.12423878
2022-08-30,-0.8395343,0.507773,-0.95252055,-0.4091492,0.060215972
2022-08-31,-0.15207464,-0.24654041,-1.5039433,-0.34262657,-0.06753776
2022-09-01,-0.23352782,0.07579553,-2.1823092,0.06889515,-1.0771483
2022-09-02,-0.24815801,-0.08172876,-1.719616,-0.442117,0.1547594
2022-09-06,-0.3062636,-0.075663984,-1.9587,-0.764058,-0.3843647
2022-09-07,-0.37042212,-0.61957884,-2.0175269,-0.21959774,-0.18184449
2022-09-08,-0.2697805,-0.44212052,-2.0834525,-0.52847105,0.009771983
2022-09-09,-0.20411396,-0.34123933,-2.0864682,-0.043883666,-0.2665856
2022-09-12,-0.06516582,-0.16337994,-2.0088677,-0.26571655,0.24743222
2022-09-13,-0.44025955,-0.036626197,-2.131332,-0.36675152,-0.51272327
2022-09-14,-0.21630138,-0.27182487,-2.2858338,-0.16388471,-0.99757785
2022-09-15,0.47824717,0.49265048,-0.9618635,-0.55961037,0.09358026
2022-09-16,0.51245046,0.58075696,-1.0723153,-0.65905046,-0.07612683
2022-09-19,0.54222226,0.5495966,-1.3848696,0.48897234,-0.0763137
2022-09-20,0.595373,-0.36860502,-1.719175,-0.52461374,0.028680451
2022-09-21,0.49228603,-0.38255048,-1.9950278,-0.54842985,-0.13261318
2022-09-22,-1.1141233,-2.5944233,-1.8611892,-0.43234336,-0.20796224
2022-09-23,-0.09312074,-0.5611053,-2.3507333,-0.42761436,-0.25481936
2022-09-26,-0.8879546,-0.40576994,-2.0101676,-0.39168936,0.05357878
2022-09-27,-0.7645942,-0.45769358,-2.2606647,0.24175195,-0.3103857
2022-09-28,-0.7578689,-0.28617465,-1.7107298,-0.35089028,-0.15421855
2022-09-29,-0.3986497,-0.4144099,-2.4592047,-0.25398242,-0.39480975
2022-09-30,-0.8753318,-0.029418629,-1.8504144,-0.2303655,-0.38708338
2022-10-03,0.76729894,0.21419813,-1.7456197,-0.21069965,-0.38794556
2022-10-04,0.82291186,0.2574439,-1.7210389,-0.26901266,-0.37151107
2022-10-05,0.51009494,0.13340943,-1.3837073,0.42848262,-0.30671427
2022-10-06,0.4538392,-0.46936056,-0.94601786,-0.6240949,0.12903273
2022-10-07,0.6397318,-0.21254404,-1.1199818,-0.57927406,-0.17961694
2022-10-10,0.49075493,0.06082253,-1.1695315,-0.72095746,-0.06814598
2022-10-11,0.46750957,-0.10233225,-0.9879932,-0.7829861,0.007324101
2022-10-12,0.49200308,-0.2705336,-1.218475,-0.7702236,-1.0808784
2022-10-13,0.4154408,-0.9211626,-1.206371,-0.45023143,-0.3989643
2022-10-14,0.23170875,-0.64799166,-1.4772666,-0.7230157,-0.29685333
2022-10-17,0.797781,0.33739254,-0.8105644,-0.200276,-0.30762687
2022-10-18,0.53058815,-0.90414566,-0.7648317,0.40080073,0.22817026
2022-10-19,-0.437563,-0.23179798,-0.8474919,-0.7817838,-0.0065389397
2022-10-20,0.43234414,-0.12265418,-1.0699105,-0.06818588,0.0036808448
2022-10-21,0.73573905,0.035127237,-0.78931344,-0.11793922,-0.09397337
2022-10-24,0.52189636,-0.8786697,-0.7626423,0.38182712,0.15813103
2022-10-25,0.5432592,-0.9123719,-0.8264291,0.20887129,-0.19803838
2022-10-26,0.2736086,-0.37524763,-1.1598828,-0.7086426,0.0019590594
2022-10-27,0.2671722,-0.5184551,-1.1758274,-0.7713973,0.030468553
2022-10-28,0.4158368,-0.89991486,-1.2103842,-0.4206564,-0.30312175
2022-10-31,0.28836793,-0.540336,-1.4309577,-0.72152466,-0.029000718
2022-11-01,0.27739546,-0.26621965,-1.0759014,-0.9215979,-0.5134704
2022-11-02,0.33478633,-0.65462303,-1.6417282,-0.48988396,-0.23416722
2022-11-03,0.20177177,-0.5072392,-1.7525563,-0.51294464,0.09606137
2022-11-04,0.58390087,-0.75721383,-0.9688266,0.21959002,0.014650179
2022-11-07,0.6306988,0.34709024,-1.0834929,0.2116145,-0.039074667
2022-11-08,0.17993264,-0.73974526,-1.313419,-0.45415914,-0.028973889
2022-11-09,0.4109724,-0.321722,-1.8737789,-0.25431442,-0.34268376
2022-11-10,0.38566303,-0.41773015,-1.6819319,-0.6476135,-0.5629438
2022-11-11,0.30236194,-0.7074884,-1.7010255,-0.34632134,-0.04522807
2022-11-14,-0.5755858,0.37602168,-0.88675916,-0.45364457,0.096366994
2022-11-15,-0.3760557,0.56089926,-0.69484097,0.052334517,0.03968531
2022-11-16,-0.58212996,0.5075035,-0.46647644,-0.4724141,0.023439718
2022-11-17,-0.10226108,0.44569892,-0.7550938,-0.6612792,-1.1400627
2022-11-18,-0.30332443,-0.36209095,-0.55148107,-0.076699965,-0.086970665
2022-11-21,-0.6475626,-2.5956175,-1.1071213,-1.0763988,-1.0450757
2022-11-22,0.052994676,-1.9433239,-1.0506313,-0.19580522,-0.143917
2022-11-23,-0.10909898,-1.8563296,-1.2317696,-0.6773225,-0.17584755
2022-11-25,-0.051093515,-2.6353993,-0.8914207,-0.4427458,-0.77626556
2022-11-28,-0.0004063868,-2.5866902,-1.3280197,-0.38850027,-0.33601245
2022-11-29,0.11577848,-2.7489107,-1.9345678,-0.45181504,-1.1939696
2022-11-30,0.39203373,-1.3819673,-1.8781768,-0.57434255,-0.37692216
2022-12-01,0.054790128,-1.120628,-2.1853602,-0.3858738,-0.56078565
2022-12-02,0.3957254,-0.5267969,-1.4706897,-0.09974032,-0.82676125
2022-12-05,0.32659057,-0.39504993,-1.4887216,-0.7457398,-0.040316317
2022-12-06,0.40927124,-0.46141717,-1.9481877,-0.2974145,-0.232527
2022-12-07,0.50857085,-0.8969797,-1.8247912,0.30182698,-0.67685264
2022-12-08,0.60874534,0.21256065,-1.866816,-0.267849,-0.20882441
2022-12-09,0.080102384,-0.1804667,-2.1463523,-0.66400564,-0.18133196
2022-12-12,-0.7890619,-0.90669614,-1.8772537,-0.017320782,-0.20307045
2022-12-13,-0.87108785,-0.45952493,-1.9129136,-0.40381262,-0.07931756
2022-12-14,-0.9842045,-0.39050317,-2.0915844,-0.7575042,-0.019070242
2022-12-15,-0.41206896,-0.25934702,-2.3614743,-0.6054545,-0.2626169
2022-12-16,-0.38996214,-0.51543784,-2.1300957,-0.4068506,-0.109069146
2022-12-19,-0.9333667,-0.33492956,-1.8872383,-0.34794098,-0.0071108006
2022-12-20,-0.9391389,-0.67693365,-1.8884298,-0.12499084,-0.66001225
2022-12-21,-0.30500996,-0.3449935,-1.8890121,-0.053326607,0.10199936
2022-12-22,-0.16391706,-0.13518953,-2.01758,-0.27627015,0.02560611
2022-12-23,-0.16482079,0.21214361,-1.9596667,-0.43245038,-0.001046449
2022-12-27,-0.13012633,-0.27008033,-2.1543953,-0.7570103,-0.5251522
2022-12-28,-0.26003817,-0.31095305,-1.9985676,-0.379406,0.009353925
2022-12-29,-0.32635754,-0.89029557,-2.1213849,-0.17277992,-0.15304837
2022-12-30,-0.22740963,-0.29526484,-2.4974082,0.26992095,-0.93616307
2023-01-03,-0.2624484,-0.38612837,-2.2093506,-0.78810084,-0.7409161
2023-01-04,-0.13014354,-0.31773573,-2.2380376,-0.34536174,-0.026257437
2023-01-05,-0.026384274,-0.29632193,-2.2584682,-0.39399484,0.010164848
2023-01-06,-0.10196966,-0.48025298,-2.1742423,-0.56363595,-0.40873417
2023-01-09,0.114816904,-0.3917961,-2.3207424,-0.1344527,-0.64955854
2023-01-10,-0.1596846,-0.3071868,-2.0453675,0.37987527,0.048304882
2023-01-11,-0.19749406,-0.23413983,-2.0683973,-0.13577195,0.11400305
2023-01-12,-0.09384391,-0.3909002,-2.2139478,-0.12299539,-0.9907294
2023-01-13,-0.06703221,0.19919826,-2.2937474,-0.4859739,-0.64587647
2023-01-17,0.043796387,-0.3200934,-2.35484,0.29882365,-0.2652503
2023-01-18,-0.3667039,-2.417026,-1.5868043,-0.2955225,-0.34237856
2023-01-19,-0.20849231,-2.6576092,-1.8472177,-0.90016675,-0.2149699
2023-01-20,-0.085420005,-0.35600847,-1.5154922,-0.010258037,-0.15933096
2023-01-23,-0.06616255,-0.9584695,-1.9454552,-0.025041407,0.0782146
2023-01-24,-0.028602105,-0.66573334,-1.6095965,-0.1802607,-0.623343
2023-01-25,0.010006088,0.26628786,-0.91518426,-0.11828226,0.25852618
2023-01-26,-0.117003866,0.25416875,-1.4076939,0.18270156,0.111059956
2023-01-27,0.021135293,-0.5483609,-2.2974365,-0.21768822,-1.0204587
2023-01-30,-0.027266778,-0.13619763,-1.8563311,-0.27081296,0.076826304
2023-01-31,-0.07716875,-0.6634989,-2.052985,-0.24650201,-0.1614844
2023-02-01,-0.028380765,-0.5846148,-2.0543313,-0.079765834,0.15084653
2023-02-02,-0.057382513,-0.13418329,-1.8167664,-0.18341786,0.09897134
2023-02-03,-0.027925966,-0.29621294,-1.7569119,-0.40250582,0.15599932
2023-02-06,-0.04566754,0.28432208,-1.8002135,-0.7785439,0.0956138
2023-02-07,-0.10724422,-0.5318476,-1.7357212,-0.11057071,0.13945588
2023-02-08,-0.053658865,-0.4946395,-1.5398719,-0.44095525,0.07338666
2023-02-09,-0.02101162,-0.31074476,-1.838284,-0.33027375,0.13153632
2023-02-10,0.024925074,-0.6589662,-1.944739,-0.17971703,-0.40348476
2023-02-13,-0.013409694,-0.106879234,-1.7294716,0.03232345,0.178805
2023-02-14,0.04639226,-0.5368126,-2.1495574,-0.19683422,-0.87355787
2023-02-15,0.07118609,-0.10891194,-2.120169,-0.21689999,-0.89057004
2023-02-16,-0.08306029,-0.462314,-2.0867174,-0.28102192,0.029541083
2023-02-17,-0.6726049,-0.9169608,-3.8340108,-0.016885424,-0.69678795
2023-02-21,-0.13851002,-0.44128865,-2.2384574,-0.6498889,-0.24408913
2023-02-22,-0.5741016,-0.336906,-3.7861416,-0.09767802,-1.1038246
2023-02-23,-0.004891368,0.21677554,-1.864587,-0.49440986,-0.116561346
2023-02-24,-0.047030568,0.3086864,-1.7563673,-0.44066402,0.15112565
2023-02-27,-0.64371216,0.24382702,-3.760895,-0.1685159,-0.7814968
2023-02-28,-0.6133778,-0.6575304,-3.327147,-0.69442004,-0.8504731
2023-03-01,-0.622076,-0.67317665,-3.3641028,-0.44366118,-0.14974207
2023-03-02,-0.66473657,-2.2508554,-3.376529,-0.6018444,-0.24164829
2023-03-03,-0.4943126,-0.9290822,-3.6599045,-0.39924875,-0.29788664
2023-03-06,-0.28639486,0.36846972,-3.9116995,-0.18474846,-0.19569463
2023-03-07,-0.5994079,-0.398273,-3.7992804,-0.12442822,-0.39383048
2023-03-08,-0.58100694,-0.39765322,-3.7372844,-0.13477649,-1.055029
2023-03-09,-0.6835085,0.16686113,-3.7298422,-0.41140142,-0.24784647
2023-03-10,-0.6626309,0.19783416,-3.6334178,-0.15304472,-0.04011938
2023-03-13,-0.19098233,-0.1337426,-1.9958619,-0.012700529,-1.3457931
2023-03-14,-0.116581626,0.054784287,-1.7532508,-0.14737268,-0.07595424
2023-03-15,-0.105650745,0.032984473,-1.6498458,-0.7785542,0.019905472
2023-03-16,-0.10187479,0.056858834,-1.7532078,-0.14262629,-0.07365842
2023-03-17,0.05320823,-0.10235934,-1.6200662,-0.49683085,0.057780605
2023-03-20,-0.058516886,-0.025396822,-1.7806091,-0.3442979,0.07461042
2023-03-21,-0.13510814,0.08338639,-1.7560747,-0.17025946,0.13776194
2023-03-22,-0.10958531,-0.38366732,-1.9595057,-0.41951394,-0.1910569
2023-03-23,-0.102761894,0.33701193,-2.1067846,-0.19364575,-0.9938357
2023-03-24,-0.019430308,0.032466147,-1.5883753,-0.45764986,-0.00021633226
2023-03-27,-0.040441554,-0.630973,-1.8539762,-0.16234365,-1.2459625
2023-03-28,0.043725878,-0.1635205,-2.099179,-0.16340101,-1.2572455
2023-03-29,-0.014633298,-0.5551425,-2.0812962,-0.2054353,-0.12479243
2023-03-30,-0.56980157,-0.790234,-3.7194474,-0.5136091,-0.020279337
2023-03-31,-0.07595527,-0.13302466,-2.0841415,-0.21428016,-0.18713571
2023-04-03,-0.6208335,-0.3387708,-3.7461221,-0.16642398,-0.7330023
2023-04-04,0.0672283,-0.05279552,-1.8673515,-0.7731558,0.09012263
2023-04-05,-0.60698956,-0.07937555,-3.7148216,0.22751498,-0.7788598
2023-04-06,-0.63169634,-0.26021802,-3.663466,-0.14124453,-0.7941864
2023-04-10,-0.5608275,-0.63164884,-3.7217019,-0.1415535,-0.35470176
2023-04-11,-0.29987913,-0.73148996,-3.0797384,-0.15504372,0.030818403
2023-04-12,-0.178279,-1.0394579,-4.0184355,-0.9360216,-0.40555763
2023-04-13,-0.33109385,-1.1418021,-3.9921236,-0.40767887,-0.13975146
2023-04-14,-0.25844288,-1.0900424,-4.082874,-0.056412622,-0.25152153
2023-04-17,-0.28456149,-0.69524395,-3.6708913,-0.13916191,-0.7527465
2023-04-18,-0.16123503,-0.31109837,-3.7243931,-0.19452016,-0.39927462
2023-04-19,-0.09219045,-0.72523284,-2.9996471,-0.14852273,0.049726598
2023-04-20,-0.2873007,-0.6860804,-3.8558195,-0.6501392,0.020056091
2023-04-21,-0.33056945,-0.32017678,-3.8772507,-0.2213086,-0.3709471
2023-04-24,-0.37331462,-2.081174,-3.5570917,-0.34603482,-0.44112468
2023-04-25,-0.3305238,-1.0443137,-4.1719127,-0.2173176,-0.4434087
2023-04-26,-0.68120456,-0.9411771,-3.9857588,-0.938823,-0.8193108
2023-04-27,-0.5460807,-0.48442468,-3.885659,-0.66284096,-0.16213927
2023-04-28,-0.4310701,-0.4300569,-3.8517628,-0.46448085,-0.027385287
2023-05-01,-0.3471088,-0.16777182,-3.7010021,0.04215101,-0.5391022
2023-05-02,-0.31066397,-0.58585227,-3.592037,-0.46019003,-3.8726255e-05
2023-05-03,-0.2243794,-0.5505281,-3.5625029,-0.6528497,-0.06853513
2023-05-04,-0.32930985,0.21208292,-3.5339022,-0.5952585,-0.07035468
2023-05-05,-0.30679289,-0.04690584,-3.7221856,-0.03875044,-0.15513152
2023-05-08,-0.09554923,-0.44484788,-3.6995034,-0.15019605,-0.28726915
2023-05-09,-0.39858013,-0.39919242,-1.4988717,-0.77515596,-0.12117192
2023-05-10,-0.29323268,-0.43438467,-1.6842284,-0.18357462,-0.21720745
2023-05-11,-0.46202132,0.22921103,-1.5034909,-0.7713814,-1.273709
2023-05-12,-0.22283764,-0.6295586,-3.2390954,-0.63006246,-1.056256
2023-05-15,-0.19306403,-0.2576005,-3.7445576,-0.15430857,-0.8552373
2023-05-16,-0.3843917,-1.1573248,-4.0993214,-0.8667877,-0.1449542
2023-05-17,-0.47152784,-1.2188189,-4.036806,-0.28363705,-0.100550584
2023-05-18,-0.38182387,-2.2118943,-3.580643,-0.5798902,-0.1290656
2023-05-19,-0.3343796,-0.28703362,-3.8746557,0.07802347,-1.0095953
2023-05-22,-0.30368912,0.028512726,-0.91990477,-0.5051915,0.26405755
2023-05-23,-0.37217504,-0.01915456,-1.8860655,-0.12603514,-0.0057113124
2023-05-24,-0.24660274,0.015543844,-1.884632,-0.3854821,-0.009332615
2023-05-25,-0.5563021,0.041578762,-1.9648457,-0.46693727,0.042414393
2023-05-26,-0.40332815,-0.07163963,-1.8938351,-0.334817,0.064459264
2023-05-30,-0.3011665,-0.4158839,-1.1872712,-0.5207136,0.25184944
2023-05-31,-0.33554447,-0.6247109,-1.896298,-0.37820792,0.08752217
2023-06-01,-0.486454,-0.63303965,-1.8896482,-0.395808,0.062340017
2023-06-02,-0.51066643,-0.6758598,-1.7833257,0.041290015,-0.1404202
2023-06-05,-0.50434333,0.1531763,-2.1121984,-0.7084676,-0.32173285
2023-06-06,-0.19960655,-0.020417115,-2.0953405,0.3612445,-0.35012737
2023-06-07,-0.41614014,-0.6353758,-1.9173454,-0.26770687,-0.9176913
2023-06-08,-0.44175547,-0.70370775,-1.8157496,-0.16857542,0.03028211
2023-06-09,-0.39974916,-0.27338582,-1.8881114,-0.52201104,-0.5094921
2023-06-12,-0.27671853,-0.45179904,-2.1009037,-0.44322127,0.05860163
2023-06-13,-0.25795752,-2.5158892,-2.0455775,-0.38570336,-0.20816898
2023-06-14,-0.29026634,-0.23794106,-2.0701396,-0.5822314,-0.3155913
2023-06-15,-0.24099217,-0.28631476,-2.004968,-0.39204922,0.07970318
2023-06-16,-0.6071009,-0.25136578,-2.105811,-0.3507138,-0.90049416
2023-06-20,-0.28931734,-0.3457958,-1.7918313,-0.3011645,-0.051744893
2023-06-21,-0.121582225,-0.8812844,-0.92021894,-0.34000257,0.023897786
2023-06-22,-0.5910559,-0.39366037,-1.0762757,-0.7411937,-0.9786878
2023-06-23,-0.41863307,-0.230331,-1.1189519,-0.3261615,0.101540595
2023-06-26,-0.3975336,-0.4601248,-0.848938,-0.09539951,-0.017712932
2023-06-27,-0.39956972,-0.80879664,-0.6797713,0.070219226,0.20373546
2023-06-28,-0.707236,-0.27548817,-1.0049232,-0.40479574,-0.67893344
2023-06-29,-0.6170676,-0.44429192,-0.74411136,-0.76140946,-0.05508753
2023-06-30,-0.47293302,-0.22329038,-0.6937303,0.11770887,0.23204564
2023-07-03,-0.8128374,-0.19582509,-0.97649014,-0.36898315,-0.8811081
2023-07-05,-0.68727297,0.022463256,-1.121333,-0.14956473,-0.36429918
2023-07-06,-0.576103,0.04499036,-1.0766325,-0.40637943,0.0767695
2023-07-07,-0.75832784,-0.22582619,-1.0536461,-0.16582392,-0.9392999
2023-07-10,-0.6199425,-0.3397385,-1.0233327,-0.27135018,-1.0079284
2023-07-11,-0.87459,-0.21115811,-0.54349303,-0.49284613,0.14765587
2023-07-12,-0.38573048,-0.8978395,-0.6902492,-0.93144935,-0.02713011
2023-07-13,-0.39418638,-0.6946664,-0.718897,-0.8435155,0.09741189
2023-07-14,-0.91916466,-0.32581782,-0.9250923,-0.3570389,-0.63782984
2023-07-17,-0.891583,-0.1169071,-0.7397189,-0.74901175,-0.94861954
2023-07-18,-0.30930302,-0.38642305,-0.6089297,-0.8174286,0.034850452
2023-07-19,-0.48161295,-0.03578383,-0.953234,-0.28506598,-1.0353792
2023-07-20,-0.45727193,-0.13726948,-0.99225116,-0.589898,0.1905553
2023-07-21,-0.5765895,-0.35470298,-0.94196624,-0.44517797,-0.97938645
2023-07-24,-0.47220004,-0.25494456,-1.1190642,-0.7676623,-0.6651698
2023-07-25,-0.98697394,-0.23350468,-1.2961214,-0.31064323,-0.7516501
2023-07-26,-1.0386808,-0.3807213,-0.9335393,-0.46217617,-0.7203542
2023-07-27,-0.23162703,-0.5155081,-1.5586952,-0.2446474,0.09524875
2023-07-28,-0.40356854,-0.1590614,-1.1838244,-0.16772996,0.12917522
2023-07-31,-0.4563081,-0.4662303,-1.5235093,-0.47440115,-1.2847873
2023-08-01,-0.99611753,-0.33741885,-1.1409608,-0.23579088,-0.81914437
2023-08-02,-0.33092082,-0.040845647,-1.4099633,-0.49493507,0.19135363
2023-08-03,-0.53278536,-0.15745771,-1.3053238,-0.285306,-0.96035355
2023-08-04,-0.459377,-0.28067592,-0.8008637,-0.3804266,-0.016298909
2023-08-07,-0.47451806,-0.048408404,-0.60331523,0.50832105,0.14802882
2023-08-08,-0.6272832,0.015497995,-1.1880971,-0.08034987,-0.33532536
2023-08-09,-0.40605104,-0.25601435,-0.81811553,-0.63344675,0.08062837
2023-08-10,-0.5726111,-0.3141663,-0.7468189,-0.48121968,-0.9635261
2023-08-11,-0.50829583,-0.18945003,-0.991161,-0.38754976,-0.7238768
2023-08-14,-0.68844205,-0.13962856,-0.8806064,-0.77040744,0.13275379
2023-08-15,-0.98518413,-0.20693326,-1.2519038,-0.48141238,0.11858181
2023-08-16,-0.44922936,-0.6297593,-1.4455037,-0.5781667,0.022207037
2023-08-17,-0.5676883,0.040577266,-1.1186602,-0.33515543,0.04017749
2023-08-18,-0.7053568,-0.0054545966,-0.8106746,-0.37559843,-0.8000126
2023-08-21,-0.50154924,-0.19549271,-0.626971,-0.73366624,0.017187264
2023-08-22,-0.39924732,-0.13326743,-0.9885815,-0.18694916,-0.7569347
2023-08-23,-0.42330086,-0.085731484,-0.7034444,0.29994932,0.15823117
2023-08-24,-0.618344,0.014279342,-1.0805919,-0.51665634,0.08598992
2023-08-25,-0.46962884,0.03585691,-0.60700035,-0.47495547,0.08576039
2023-08-28,-0.35415247,-0.1746748,-0.614564,0.30833137,0.16032173
2023-08-29,-0.43731233,-0.22191285,-0.640746,0.2292763,-0.071102224
2023-08-30,-0.5538579,-0.34488094,-1.1138549,-0.32293892,-0.83484906
2023-08-31,-0.22243552,-0.026524475,-0.88770163,-0.21675639,-1.5678979
2023-09-01,-0.680648,-0.21987641,-1.1656803,-0.45066363,-0.6866069
2023-09-05,-0.5045299,0.19979982,-1.2819568,-0.24819738,-0.15639922
2023-09-06,-0.6597015,-0.37227243,-1.2336468,-0.6298769,0.1689189
2023-09-07,-0.7980514,-0.22567415,-1.308629,-0.32181382,-0.841482
2023-09-08,-0.77182186,-0.7618239,-1.2092792,-0.48028103,-1.2209053
2023-09-11,-0.8537579,-0.88494796,-1.0824537,-0.86122954,0.10694226
2023-09-12,-0.44139227,-0.73090744,-1.451964,-0.62321365,0.096602954
2023-09-13,-0.6664649,-0.55414355,-1.3342482,-0.41848478,-0.8862496
2023-09-14,-0.4594261,-0.18270306,-1.1544125,-0.8348567,0.13017973
2023-09-15,-0.50644505,0.15099111,-1.5895123,-0.72020143,-0.021290187
2023-09-18,-0.6672707,-0.42040947,-1.2341859,-0.2735018,-0.6761931
2023-09-19,-0.8085853,-0.61376745,-1.186583,-0.15210375,-0.33663043
2023-09-20,-1.0641543,0.08186781,-1.2845033,-0.5204979,0.15415594
2023-09-21,-0.49137747,-0.8237498,-1.2794604,-0.5251664,0.18019943
2023-09-22,-0.9868674,-0.1599358,-1.1943755,-0.1571453,-0.35177624
2023-09-25,-0.19154604,-0.62603486,-0.20289452,-0.3771784,-0.40032458
2023-09-26,-0.75631124,-0.23133333,-0.23955889,-0.50082755,0.025942229
2023-09-27,-0.53992814,-0.2418884,-0.048234608,-0.24388373,-0.6664793
2023-09-28,-0.24105738,0.21561724,-0.10266395,-0.5436496,0.13809438
2023-09-29,-0.18611498,-0.21558398,-0.2980456,-0.21528822,-0.5024929
2023-10-02,0.2397362,-0.36662692,-0.09187325,-0.20096532,-0.62548715
2023-10-03,-0.70628405,-0.23607704,-0.39787155,-0.44062695,0.0077100093
2023-10-04,-0.44379705,-0.11682073,-0.09160538,-0.66791904,0.14908883
2023-10-05,-0.16139007,-0.053599883,-0.15998708,-0.14253636,-1.0411682
2023-10-06,-0.28706273,-0.8995053,-0.098361544,0.38726467,-0.006561104
2023-10-09,-0.6001132,-0.26719877,0.012255819,-0.6060509,0.15578175
2023-10-10,-0.1859922,-0.5760251,-0.16693267,-0.27642646,-0.033355482
2023-10-11,-0.15542963,-0.13553576,-0.2991188,-0.43621618,-0.04922608
2023-10-12,0.2168086,-0.12114001,-0.5977073,-0.19274803,0.17350617
2023-10-13,-0.65375704,-0.2527566,-0.6254132,-0.082793795,-0.036023673
2023-10-16,-0.38709968,-0.11825384,-0.30100965,0.32009926,0.2046121
2023-10-17,-0.49442628,-0.5191398,0.012183768,-0.0773487,-0.7360221
2023-10-18,-0.5815464,-0.09613226,0.7622705,-0.11661528,0.05914703
2023-10-19,-0.4392271,-0.09312649,0.65905696,-0.2514462,0.21832174
2023-10-20,-0.30327573,-0.6065823,0.6783164,-0.24036707,0.06917846
2023-10-23,-0.24497274,-0.46488723,0.5939312,-0.07010966,-1.0729452
2023-10-24,-0.33847252,-0.48196587,0.5127568,-0.48352575,-0.046678588
2023-10-25,-0.33139324,-0.45763782,0.69539493,-0.21782662,-0.12564066
2023-10-26,-0.34338015,-0.21279636,0.6317269,-0.34397915,0.029063458
2023-10-27,-0.25401694,-0.18545587,0.8779847,-0.10900532,-0.0148999775
2023-10-30,-0.33118412,-0.45034075,0.15179911,-0.889792,0.04165615
2023-10-31,-0.25341526,0.018679824,0.7120625,-0.428214,0.13041364
2023-11-01,-0.339114,-0.4432044,0.09590296,-0.83801705,0.032605294
2023-11-02,-0.3919233,0.1357397,0.23602372,0.10751112,-0.019722229
2023-11-03,-0.36431494,0.009118655,0.20821887,-0.33270916,0.044868186
2023-11-06,-0.36867842,-0.42489186,-0.2650253,-0.19286929,-0.24299388
2023-11-07,-0.37940672,-0.37062413,-0.23206772,-0.19998387,-0.44878778
2023-11-08,-0.07149914,-0.3373534,-0.06297241,-0.09772067,-0.36142382
2023-11-09,-0.46030825,-0.7029021,-0.10327102,-0.3723943,-0.019641388
2023-11-10,-0.36736408,-0.95930487,-0.40654278,-1.0399351,-0.2915858
2023-11-13,-0.3776909,0.08150195,0.17784733,0.14356267,-0.15958731
2023-11-14,-0.0020825155,-0.4221872,-0.13679995,-0.14710729,-0.058521193
2023-11-15,-0.3260639,-0.2764335,0.15720844,-0.30384755,-1.0703881
2023-11-16,-0.81209475,0.03430921,0.4123771,-0.22877303,-0.64253175
2023-11-17,-0.3627833,-0.03018439,-0.13219324,-0.32816857,-0.6672771
2023-11-20,-0.07066158,-0.42135635,-0.008696284,-0.45310098,-0.091695085
2023-11-21,-0.36830243,-0.23013666,0.0949183,-0.030109862,-0.19901556
2023-11-22,-0.2780187,-0.4575193,0.11914051,-0.08383615,-0.183937
2023-11-24,-0.26908386,-2.1146538,-0.011783041,-0.18908016,-0.18490514
2023-11-27,-0.3626225,-2.2447608,-0.078661025,-0.15241872,-0.31295645
2023-11-28,-0.3475007,-2.0274353,0.012090214,-0.40257064,-0.27476498
2023-11-29,-0.21291567,-2.1138797,0.03308409,0.014061545,-0.1589567
2023-11-30,-0.2933702,-0.3134859,0.088541426,-0.19905846,-0.74462885
2023-12-01,-0.5269478,-0.57331556,-0.08214056,-0.36298406,0.02053786
2023-12-04,-0.4346552,-0.2981689,0.30969784,-0.14239442,-0.23957437
2023-12-05,-0.46450764,-2.0343177,0.192686,-0.4732863,-0.3274139
2023-12-06,-0.5663486,-2.012355,0.32964388,-0.4709394,-0.42698118
2023-12-07,-0.6753412,-2.2549295,-0.10889374,-0.5709341,-0.07482052
2023-12-08,-0.82187784,-0.23613468,0.08146535,0.047485694,-0.09053156
2023-12-11,-0.85281426,-0.11428709,-0.011717578,-0.053820886,-0.3679885
2023-12-12,-0.50471526,-0.5377741,-0.03245761,-0.04173582,-0.10230239
2023-12-13,-0.28726286,-0.067981645,0.15580869,-0.79771525,0.20191893
2023-12-14,-0.45454368,-0.09654554,0.19116262,-0.38807756,-0.6647709
2023-12-15,-0.9016013,-0.80605775,-0.24148436,0.10223162,-0.8765973
2023-12-18,-1.0008298,0.058126368,-0.121746756,-0.10938453,-0.026501477
2023-12-19,-0.47492456,-1.0196811,-0.21049377,-0.053799085,0.18640548
2023-12-20,-0.33966884,-0.8959865,-0.10150604,-0.024844587,0.1855281
2023-12-21,-0.4138011,0.06911861,-0.17758824,-0.43283612,0.1755645
2023-12-22,-0.6421508,0.13289158,0.124932066,-0.30483276,-1.0690072
2023-12-26,-0.61875015,-0.30069485,0.17561306,-0.09281006,-0.052770134
2023-12-27,-0.57027704,-0.27360636,0.10789154,-0.35772252,-1.094297
2023-12-28,-0.84249455,-0.33972895,0.0779363,0.04265656,-0.6306752
2023-12-29,-0.94154966,-0.52003765,-0.087048486,-0.4367338,-0.48246828
2024-01-02,-0.46914372,0.08668886,0.15357757,-0.32829112,0.09004421
2024-01-03,-0.27094397,0.07651073,0.28827947,-0.18365964,-0.10689543
2024-01-04,-0.28614616,-1.8150551,0.10195178,-0.20550701,-0.7355369
2024-01-05,-0.5329937,-0.45922542,-0.032518964,-0.31098452,-0.60242254
2024-01-08,-0.19663948,-0.14056318,-0.056597814,-0.68926144,0.1768871
2024-01-09,-0.79084086,-0.16345157,0.071289875,-0.19495322,-1.2250366
2024-01-10,-0.78666604,-0.30887496,0.04296978,-0.10998202,0.17068219
2024-01-11,-1.0875176,-0.80048364,0.048614956,-0.21282195,-0.46824262
2024-01-12,-0.7994393,0.04608353,0.02562775,0.21589087,-0.43995747
2024-01-16,-0.5769946,0.09556016,-0.018346887,-0.22291023,-0.70241654
2024-01-17,-0.7245708,-0.97078943,-0.07683905,-0.30351263,0.08357421
2024-01-18,-0.6118312,-2.015116,0.0017138682,-0.46202317,0.0033229738
2024-01-19,-0.7365609,0.14475511,0.11358577,-0.30417392,0.03764765
2024-01-22,-0.85217506,-0.29208404,-0.018462142,-0.122073926,-0.38977
2024-01-23,-0.93033105,-0.67265147,-0.12103662,-0.36330336,-0.6413467
2024-01-24,-0.62081665,-0.8088223,0.05364342,0.17482202,-0.47355795
2024-01-25,-0.40256447,-0.8390395,-0.090359665,-0.06112682,-0.07625415
2024-01-26,-0.97266984,0.074780695,0.072661884,-0.14534445,-0.4895133
2024-01-29,-0.934957,-0.23974288,-0.11774923,-0.2673808,0.077430986
2024-01-30,-0.11108076,-1.8795661,0.21047795,-0.32348296,-0.34356332
2024-01-31,-0.5988555,-0.20187977,0.22655372,0.33422896,0.12007108
2024-02-01,-0.0028446296,0.53161466,0.12728201,-0.3532822,0.0355555
2024-02-02,-0.6882212,-0.60246557,-0.123944186,-0.5094324,0.19054013
2024-02-05,-0.58651507,-0.63508636,0.14372799,-0.34224042,-0.6755275
2024-02-06,0.31696945,-0.34229246,0.23793046,-0.1243351,-0.48509577
2024-02-07,-0.6191926,0.09379126,0.042674743,-0.14917402,0.106265716
2024-02-08,-0.6684693,-0.43633687,0.1350417,0.011100436,-0.7994274
2024-02-09,-0.30953616,-0.7854381,0.12185821,-0.05179061,0.17754471
2024-02-12,-1.0295775,-0.2280326,0.3314749,-0.18396628,-0.3106562
2024-02-13,-0.76635396,0.5256309,0.24950814,-0.1544729,-0.023719467
2024-02-14,-0.77171177,0.59613156,0.051197026,-0.3857395,0.062915415
2024-02-15,-0.43764535,0.03138844,0.020485936,-0.03505282,0.22444211
2024-02-16,-0.6759897,-0.059449185,0.120988145,-0.24159342,-0.12000239
2024-02-20,-0.6268562,-0.7565115,0.1411185,-0.2685665,0.12083364
2024-02-21,-0.53825015,-0.7602488,0.19732612,-0.34498274,-0.8010661
2024-02-22,-0.44131833,-0.2069555,-0.044341292,0.04897044,-0.08152959
2024-02-23,-1.031743,-0.29422635,0.14207749,0.035095748,-0.6855051
2024-02-26,-0.5819674,-0.26410466,0.37744904,-0.478176,-0.5879227
2024-02-27,-0.48165372,-0.34523478,0.4883007,-0.2679099,-1.0095102
2024-02-28,-0.3801856,-0.3285729,0.16520911,-0.49879232,-1.0141592
2024-02-29,-0.011797583,-0.17557393,0.83353907,0.07360984,0.09209096
2024-03-01,-0.50953376,-0.22644721,-0.23868452,-0.2175339,0.066858895
2024-03-04,-0.6483814,-1.9817599,0.35284546,-0.39163578,-0.5673192
2024-03-05,-0.5927995,-0.0926847,0.27059245,-0.38475212,0.044290267
2024-03-06,-0.3978846,0.30239972,0.2366757,0.03646426,0.028918097
2024-03-07,-0.5030883,-0.20819093,0.16456835,-0.45688963,0.16722192
2024-03-08,-0.37471873,-0.1315611,0.083512634,-0.2507739,0.15824693
2024-03-11,-0.83227384,0.14882848,0.008629296,-0.21231975,-0.60774857
2024-03-12,-0.53748804,-0.8877953,0.46395105,-0.42387405,0.0074414806
2024-03-13,-0.63175935,-0.9570551,-0.21506202,-0.46460074,-0.29810983
2024-03-14,-0.75988644,0.20314638,0.59287953,-0.37410727,-0.6499541
2024-03-15,-0.39565277,-0.870826,-0.17835283,-0.30680564,0.14733733
2024-03-18,-0.6093053,-0.15989435,0.18848537,-0.04357893,0.23436822
2024-03-19,-0.5975432,-0.12979662,0.110209435,-0.023329446,0.23128888
2024-03-20,-0.7515806,-0.2017068,-0.082351096,-0.19765685,0.22610724
2024-03-21,-0.94704103,-0.50623137,0.17263696,-0.29731023,-0.641691
2024-03-22,-0.801804,-0.21893091,0.013010946,-0.23921134,-1.1434385
2024-03-25,-1.0196058,-0.2152921,0.13814008,-0.37526202,-0.7271448
2024-03-26,-0.74452317,-0.18646912,0.5822668,-0.4228902,-0.59425
2024-03-27,-0.4289234,-0.1159772,-0.19435278,-0.23073797,0.2126242
2024-03-28,-0.65474373,0.6297174,0.19590575,-0.0016935187,-0.6972899
2024-04-01,-0.7080051,0.052236214,-0.10582279,-0.27388933,-0.32015562
2024-04-02,-0.5237271,0.54494977,0.20275472,-0.42091137,-0.038955715
2024-04-03,-1.1802355,0.11149306,0.27431,0.014352498,-0.36205596
2024-04-04,-0.5553731,-0.046478055,0.15313144,0.20519295,0.21450537
2024-04-05,-0.97909206,-0.0018632149,0.09897368,-0.45600283,0.1494821
2024-04-08,-0.9036656,0.057338215,-0.21233673,-0.034099214,-0.6952383
2024-04-09,-1.0949823,-0.43960243,0.3512262,0.08856991,-1.0342796
2024-04-10,-0.61487985,-0.0557671,0.13524164,-0.54566616,0.12579589
2024-04-11,-0.5095591,-0.8317856,0.01101586,-0.12070078,0.00719701
2024-04-12,-1.050635,-1.0379981,0.32814735,-0.83944386,0.030344222
2024-04-15,-1.0806546,-0.05232239,0.36593652,-0.4054196,0.09808351
2024-04-16,-0.7703676,0.0036539105,0.58459246,-0.37479207,0.123568065
2024-04-17,-0.4003575,-0.5436215,-0.15653718,-0.5691498,0.024301354
2024-04-18,0.28616118,-0.36583796,0.6292766,-0.36246607,0.16605578
2024-04-19,-0.78614646,-0.48067796,0.16272064,-0.5090597,0.10268576
2024-04-22,-0.36521834,-0.17285727,0.3800478,-0.23933911,0.11260724
2024-04-23,-0.47944957,-0.29563794,0.370363,-0.4524393,0.10656661
2024-04-24,-0.7955283,-0.40174365,-0.3118311,-0.3677419,-1.30603
2024-04-25,-0.4567507,0.190802,-0.2596036,-0.4370898,-0.14188656
2024-04-26,-0.7176925,-0.85753745,-0.38190252,-0.26131442,0.09115197
2024-04-29,-0.7305376,0.19233298,0.02626361,-0.16419809,-0.54833084
2024-04-30,-0.9090598,-0.2933748,-0.405448,-0.62958646,-0.52442855
2024-05-01,-0.6239816,-0.4739345,0.55728745,-0.34891012,-0.72520417
2024-05-02,-0.5415344,-0.6335062,-0.099378355,-0.29921985,-0.023516517
2024-05-03,-0.33966815,-0.5956371,-0.25942487,-0.47274205,0.0013412966
2024-05-06,-0.41477427,-0.096830904,-0.32986617,-0.53727025,0.0008893473
2024-05-07,-0.5105862,-0.30326474,0.22863229,0.1774164,-0.94739944
2024-05-08,-0.49410003,-0.23088808,-1.2483778,-0.27343953,-1.1874408
2024-05-09,-0.5534458,-0.9371477,0.021058308,0.046195056,0.034096666
2024-05-10,-0.35615987,-0.89420563,-0.008000917,0.22113784,-0.9614569
2024-05-13,-0.36671802,-0.2807316,-0.8569103,-0.2831868,-1.245964
2024-05-14,-0.6831486,-0.2644588,0.124705434,-0.22958672,-0.019699538
2024-05-15,-0.33218452,-0.5697527,0.5252732,-0.6373041,-0.17815068
2024-05-16,-0.5140004,-2.1808398,0.36239517,-0.44613996,-0.13942209
2024-05-17,-0.74280316,-0.30141848,0.15823893,0.09314538,-0.736678
2024-05-20,-0.5698269,-0.3417423,0.19029303,-0.25862125,-0.53941226
2024-05-21,-0.79882324,-0.29177672,0.42631325,-0.26297298,-0.69661677
2024-05-22,-1.0388055,-0.2763511,0.2649436,-0.4414822,-0.52218443
2024-05-23,-0.64455616,-0.086065955,0.36191976,-0.47416705,0.023802754
2024-05-24,-0.3635045,-0.30780396,-0.00072891347,-0.15453184,-0.044545826
2024-05-28,-0.59316146,-0.48438773,-0.18877187,-0.28868067,-0.83357996
2024-05-29,-0.49627736,-0.085554,-0.13685071,-0.2947279,0.01294505
2024-05-30,-0.5140739,-0.08952985,0.23143414,-0.32172164,0.08799558
2024-05-31,-0.44789454,-0.338056,0.04738129,-0.15321107,0.108219184
2024-06-03,-0.74246687,-0.30024973,0.14526233,0.041905727,-0.69054145
2024-06-04,-0.70656925,-0.4905653,-0.20691966,0.06577555,-1.1269057
2024-06-05,-0.59577125,-0.23693359,-0.0179835,-0.48015088,0.1534624
2024-06-06,-1.254652,-0.3547257,-0.11229735,-0.2315005,-0.70657206
2024-06-07,-0.79945886,0.14200653,-0.082735986,-0.42206737,-0.7191374
2024-06-10,-0.62464976,-0.97743255,0.04154326,-0.31129315,-0.8001614
2024-06-11,-0.79718965,-0.26276085,0.14510225,-0.3034254,-0.6301804
2024-06-12,-0.9935919,-0.23511927,0.08752683,-0.23381874,0.20839371
2024-06-13,-0.42805246,-0.2446294,0.15048076,-0.32575193,-0.3910521
2024-06-14,-1.2196064,0.11561384,0.14569925,-0.052576743,-0.44171295
2024-06-17,-0.1751155,-0.3978846,0.23556317,-0.107690655,0.018472802
2024-06-18,-0.1468344,-0.41609567,0.18398619,-0.3216419,-0.7811783
2024-06-20,-0.19289358,-0.21384037,0.06938019,-0.14695206,-0.81855917
2024-06-21,-0.6469859,-0.21259099,0.14826347,-0.35905612,-1.1369162
2024-06-24,-0.44557127,0.5296176,0.21578999,-0.24539113,-0.8156358
2024-06-25,-0.3763232,0.73931265,0.15826708,-0.33776894,-0.43391776
2024-06-26,-0.47838387,-0.42617276,0.059024554,0.012829616,-1.0781254
2024-06-27,-0.35433698,-1.7295613,0.22680384,-0.14069489,-0.26956654
2024-06-28,-0.9198652,-1.5639759,0.14813945,-0.2822936,-0.3955403
2024-07-01,-0.7695998,-1.6599303,0.045570627,-0.4947262,-0.5142499
2024-07-02,-1.1126871,-0.21648382,0.18680122,-0.114431694,0.010047939
2024-07-03,-1.7374893,-0.09746604,0.13374045,-0.065032735,-0.09837108
2024-07-05,-1.4648448,-0.15909001,0.108455665,-0.111889236,-0.13087457
2024-07-08,-1.331067,-0.3668438,0.17882442,-0.016950678,-0.18629661
2024-07-09,-1.3530581,-0.7168401,0.024926526,-0.03415199,-0.15314165
2024-07-10,-2.3690722,-0.250338,-0.14535904,-0.5148149,0.08320888
2024-07-11,-2.2185752,-0.373777,0.009459774,-0.051526584,0.123192854
2024-07-12,-1.8850672,-1.1952097,-0.114002734,-0.13304263,-0.15395959
2024-07-15,-0.9238359,-0.95118,-0.1676112,-0.4134232,-0.45093766
2024-07-16,-0.91820985,-1.0503055,-0.20975468,-0.19072953,0.11526372
2024-07-17,-0.6717442,-1.5175215,-0.13725238,-0.44057906,-0.1049103
2024-07-18,-0.88929766,-1.2868584,-0.13730505,-0.3665885,-0.055089526
2024-07-19,-1.2782815,-0.17575237,0.07457708,-0.45942676,-0.058178768
2024-07-22,-0.72594297,-0.82192165,-0.124533385,-0.54855746,0.17324822
2024-07-23,-0.866201,-0.7286107,0.025656832,-0.52196753,-1.1424093
2024-07-24,-0.6744859,-0.86683273,0.08074348,-1.0894212,-0.15849605
2024-07-25,-0.7690849,-0.29984558,0.10587704,-0.6505723,-0.06618101
2024-07-26,-0.6660004,0.08730269,-0.4789296,-0.54329664,-0.08385271
2024-07-29,-0.53815144,-0.36906147,-0.10233954,0.17460802,-1.2064545
2024-07-30,-0.73692995,-0.17865068,-0.31452873,-0.7670124,-0.05554587
2024-07-31,-0.6740823,0.22559297,-0.17253682,-0.68816394,-0.37986565
2024-08-01,-0.58647335,-0.23836689,0.50792927,-0.52839994,-0.1075324
2024-08-02,-0.81384635,-0.39205363,-0.66740745,-0.8784324,-0.40480015
2024-08-05,-0.8493375,-0.9869363,-0.662409,-0.9310912,-0.45148218
2024-08-06,-0.90187025,-0.5659168,-0.28857964,-0.57729757,-0.042261824
2024-08-07,0.061206307,0.013539611,-0.63313466,-0.7043352,-0.035486616
2024-08-08,0.08876254,0.4534101,-0.94682395,0.095493205,-0.3870237
2024-08-09,0.18856755,0.21762973,-0.63450694,-0.12684417,-0.026404087
2024-08-12,0.021431845,-0.33481002,-1.0595778,0.2143162,-1.7468997
2024-08-13,0.0978897,0.3260735,-0.86895585,-0.8999035,-0.34129
2024-08-14,0.02793756,-0.46300545,-0.49854687,-0.064887926,-0.5442169
2024-08-15,0.052164093,0.1321139,-0.97740024,-0.6530078,-0.63805425
2024-08-16,0.16143411,0.23643282,-0.38993028,-0.2621236,0.2805039
2024-08-19,0.2810923,-0.2974477,-0.8130342,-0.49786228,0.07958484
2024-08-20,0.13034078,-0.31392127,-0.40883362,-0.16590548,0.14463514
2024-08-21,0.2777298,-0.26462826,-0.64858085,-0.032558054,-0.12775627
2024-08-22,0.025393452,-0.6116846,-0.69982576,-0.32077807,0.14757282
2024-08-23,0.1992579,-0.6309965,-0.8087622,-0.2373725,0.01901611
2024-08-26,-0.12607354,-2.6305292,-0.57630134,-0.56017774,-0.6302379
2024-08-27,0.32158658,-0.5941127,-0.58498853,0.10065003,-0.8933769
2024-08-28,0.1147895,-0.45404378,-0.75165117,-0.398798,0.010438818
2024-08-29,-0.8416552,-0.066737436,-0.5198015,0.24339767,-0.9035459
2024-08-30,-0.8989024,0.20879222,-0.5548318,-0.4920696,-0.025822315
2024-09-03,-1.1585792,-0.82534593,-0.63379866,0.6596973,0.04998771
2024-09-04,-0.85792226,-2.1398227,-0.12166211,-0.45501488,-1.0304505
2024-09-05,0.44738898,0.33388615,0.20857587,0.26084903,-0.6095509
2024-09-06,-0.17523307,0.12798877,0.25474235,0.012792135,-0.21292102
2024-09-09,-0.79523015,0.12761477,-0.17178504,-0.8783294,-0.02285562
2024-09-10,0.58228064,-0.46696296,0.12441365,-0.19804838,-0.0038168821
2024-09-11,0.5021258,-0.45782676,-0.023443138,-0.76354975,0.092724994
2024-09-12,0.2165393,-0.12839781,0.11384043,-0.4136932,0.04967087
2024-09-13,0.18228814,-0.9550082,0.08175916,-0.21449988,-0.006992314
2024-09-16,-0.6260342,0.18134105,0.20505801,-0.1349994,-0.6727606
2024-09-17,-0.7501008,-0.22256266,-0.13238701,-0.3266357,-0.7575242
2024-09-18,-0.949973,-0.12663397,-0.02530602,0.123105295,-0.8143247
2024-09-19,-0.50204986,-0.23862308,-0.23940143,-0.31609493,0.0055844295
2024-09-20,-0.1388892,-2.2620003,-0.10849814,-0.46539974,-0.30532333
2024-09-23,-0.7453021,-0.11151144,-0.16463622,-0.07227282,-0.58427215
2024-09-24,-0.37082344,-0.13707139,-0.15383899,-0.06682623,-0.78297013
2024-09-25,-0.08815322,-0.16093105,-0.12691937,-0.3410286,-0.5830983
2024-09-26,-0.3965452,-0.055400506,-0.15192567,-0.20554958,-0.41216773
2024-09-27,-0.28770423,-0.109321676,0.18356895,-0.10256981,-0.74510294
2024-09-30,-0.3330561,-0.60152066,0.32298872,-0.42145064,-0.2569534
2024-10-01,-0.4367893,-0.4568554,0.44306085,-0.13331898,-0.14028719
2024-10-02,-0.3985154,-0.029332493,0.30507717,-0.34731904,-0.3566537
2024-10-03,-0.4463984,-0.48207873,0.38396287,-0.30619216,-1.0628492
2024-10-04,-0.41242284,-0.0128341615,0.26109526,-0.33683258,0.106382966
2024-10-07,-0.33813837,-0.77557826,0.83306617,-0.23382443,0.057385035
2024-10-08,-0.18633236,-0.053933356,0.3422495,-0.2911941,0.15512547
2024-10-09,-0.18949655,-0.092910975,0.3184277,-0.46587715,0.057858344
2024-10-10,-0.29686072,-0.1516802,0.2556347,-0.31404406,-0.17461303
2024-10-11,-0.32551414,-0.89004457,0.17535655,-0.38782832,0.20052192
2024-10-14,-0.22612463,-0.8643909,0.68525505,-0.42042148,0.04261812
2024-10-15,-0.18089257,-0.017767577,0.9337965,-0.24492528,0.03644398
2024-10-16,-0.08420223,-0.27351955,0.8141337,-0.16749376,-0.004867794
2024-10-17,-0.09743201,-0.30487677,0.8033596,-0.318876,-0.7705397
2024-10-18,-0.57495165,-0.049768947,0.6369622,-0.15956233,-0.36995807
2024-10-21,-0.59833634,-0.21743174,0.5787255,-0.37799585,-0.68655425
2024-10-22,-0.79685724,-0.10924297,0.69309264,-0.3574417,-0.372389
2024-10-23,-0.84393644,0.1855625,0.7591122,-0.20548396,0.12047694
2024-10-24,-0.36180073,-2.0570788,0.6482206,-0.20903844,-0.35325906
2024-10-25,-0.97984993,0.8611503,0.71643907,-0.30407482,-0.38011885
2024-10-28,-0.41108045,0.07500707,0.7383922,-0.072923616,-0.5505508
2024-10-29,-0.2623803,0.44944188,0.74798363,-0.027860504,-1.1174117
2024-10-30,-0.47619158,0.57621235,0.7875992,0.017800823,-0.68919677
2024-10-31,-0.47677022,0.6075705,0.5437572,0.1313806,0.023723397
2024-11-01,-0.27877042,-0.77178085,-0.08468585,-0.4801892,-0.24016507
2024-11-04,-0.5939745,-0.42577145,0.5848777,0.024399418,-0.44800365
2024-11-05,-0.4119908,-0.43483734,0.48697782,-0.80106896,0.10387802
2024-11-06,-0.78322935,-0.23417662,0.47206375,0.4573432,-0.12992544
2024-11-07,-0.6291331,-0.35744256,0.15777071,-0.45772192,0.034500092
2024-11-08,-0.40474385,-0.19654387,-0.37841842,-0.2264786,-1.0134913
2024-11-11,-0.15665622,-0.5316882,-0.17799932,-0.20151582,-0.6766423
2024-11-12,-0.44575462,-0.34570423,-0.28534025,0.09597528,-1.0745696
2024-11-13,-0.28764102,-0.5200393,0.09820127,-0.3948972,-1.1332412
2024-11-14,-0.33692217,-0.39127272,0.37873018,-0.5145681,0.14067653
2024-11-15,-0.34518492,-2.152646,0.42876598,-0.08837711,-0.077138714
2024-11-18,-0.3537783,-2.250848,0.20252055,-0.34307817,-0.45262614
2024-11-19,-0.2851053,-0.10743701,0.2951851,-0.2234779,-0.4166277
2024-11-20,-0.27084076,-0.2401149,0.31397507,-0.30906278,-0.8125287
2024-11-21,-0.27872613,-0.22535434,0.2704983,-0.2819884,-0.012784602
2024-11-22,-0.2054233,-0.2577304,0.7736316,-0.11611091,-0.69548166
2024-11-25,-0.19419271,-0.11204327,0.82790136,-0.07946779,-0.72781265
2024-11-26,0.27552786,-2.3192973,0.4717657,-0.5417007,-0.024296753
2024-11-27,-0.49025112,-2.0794957,0.68664527,-0.16370735,-0.67963344
2024-11-29,-0.23153877,-2.2374659,0.54602695,-0.48506916,0.01635463
2024-12-02,-0.61085135,-0.63123083,0.5521007,-0.040008336,-0.8572465
2024-12-03,-0.8416794,-0.25520778,0.6956318,-0.0030535532,-0.24795786
2024-12-04,-0.81628466,0.1091008,0.6088826,-0.42457378,0.18598507
2024-12-05,-0.4531668,-0.6983929,0.67404944,-0.3674567,-0.428191
2024-12-06,-0.2791471,-0.31723106,0.762741,0.0022932168,-0.8604829
2024-12-09,-0.15892936,-0.54333305,0.7841795,-0.43846756,0.096156895
2024-12-10,-0.504755,-2.0920274,0.38153362,-0.1253345,-0.7755553
2024-12-11,-0.47060058,0.25049987,0.42243192,-0.4125433,-0.008269064
2024-12-12,-0.76819956,0.3696288,0.5441295,-0.26826018,-0.15180102
2024-12-13,-0.71191245,-0.2598037,0.52088284,-0.33715603,-0.87080175
2024-12-16,-0.88530946,-0.23395185,0.5760379,-0.21271141,-0.6949301
2024-12-17,-0.3352031,-0.2155575,0.4704289,-0.023762131,-0.6944471
2024-12-18,-0.31841186,0.23840792,-0.736595,0.13180038,0.006661301
2024-12-19,-0.86651605,-0.15065962,-0.66558874,-0.24492753,-0.4600967
2024-12-20,-0.13551453,-0.14526781,0.04654714,-0.60567033,0.0131578455
2024-12-23,-0.3242405,-0.21945873,0.1069626,-0.34317106,-0.025782308
2024-12-24,-0.46685198,-0.11792524,0.026952593,-0.58769494,-0.111530334
2024-12-26,-0.28530663,-0.53610986,0.2932912,-0.17397612,-0.5572415
2024-12-27,-0.5500613,-0.4021401,0.21251743,-0.6769971,-0.1016254
2024-12-30,-0.40414575,0.02018539,0.61441517,-0.34023008,0.10288218
2024-12-31,-0.3452792,-0.8315653,0.5667149,-0.28051826,-0.04996865
2025-01-02,-0.38756907,-0.8410306,0.5257814,-0.33701816,-0.11294495
2025-01-03,-0.36191902,-0.22410478,0.41157573,-1.0487734,0.039400868
2025-01-06,-0.19383302,0.00093279395,0.33129624,-0.36027384,-0.044683024
2025-01-07,-0.5081607,0.26419574,0.6303721,-0.4186684,-0.089154586
2025-01-08,-0.23821457,-0.035534084,0.28457657,-0.26321772,-1.0641508
2025-01-10,-0.39824593,0.03475257,0.6975301,-0.19299227,-0.20716009
2025-01-13,-0.23821457,-0.040019102,0.28906158,-0.26321772,-1.0641508
2025-01-14,-0.3596271,-0.1731032,0.57835627,-0.16372758,-0.62823516
2025-01-15,-0.39204285,-0.9151066,0.49233085,-0.03540717,0.0037615974
2025-01-16,-0.25534412,-0.34424177,0.34341842,-0.33243486,-0.13634384
2025-01-17,-0.43483424,-0.144996,0.4770311,-0.86176896,0.043250166
2025-01-21,-0.39304188,-0.14167607,0.5074429,-0.8346637,0.07528223
2025-01-22,-0.0086417375,-0.78683317,0.49096498,-0.3354415,0.14598471
2025-01-23,-0.36735553,0.15044239,0.577469,-0.4043561,-0.07274479
2025-01-24,-0.3867406,-0.5661771,0.5824675,-0.31848535,-0.64367205
2025-01-27,-0.38132823,0.0041931625,0.65909046,-0.2696195,0.13489893
2025-01-28,-0.25761947,0.027641041,0.31225204,-0.83312106,0.09415426
2025-01-29,-0.39900863,-0.2503587,0.6062822,-0.28637528,-0.05075342
2025-01-30,-0.36184344,-0.22770336,0.5343428,-0.43180773,-0.049446933
2025-01-31,-0.31243595,-0.13688324,0.6023034,0.14686285,-0.008338019
2025-02-03,-0.3535462,-0.0005906109,0.3746543,-0.2895278,0.03811838
2025-02-04,-0.34650546,-0.27390245,0.31979257,-0.32641467,0.035198953
2025-02-05,-0.29114112,-0.108168446,0.52216494,-0.41851664,-0.7052851
2025-02-06,-0.31346437,-0.4185984,0.49107638,-0.36354676,-0.6458901
2025-02-07,-0.36752862,-0.4349206,-0.2790348,-0.44201672,0.107560016
2025-02-10,-0.23205379,-0.022446973,-0.1569494,-0.23649399,0.12865287
2025-02-11,-0.20100895,-0.19076213,-0.13766228,-0.12804262,-0.45040652
2025-02-12,-0.22569586,-0.13123962,-0.2571682,-0.39135376,-0.5516901
2025-02-13,-0.16206175,-0.41398594,-0.029229714,-0.6292147,0.06327097
2025-02-14,-0.656328,0.041435998,-0.41862175,-0.08337014,-0.65686893
2025-02-18,-0.16965981,-0.10018288,-0.22658516,-0.20181447,-0.74836874
2025-02-19,-0.62437737,-0.36422372,-0.36072955,-0.14721406,-0.70708275
2025-02-20,-0.3815752,0.43056077,-0.10884896,-0.42824742,-0.10567234
2025-02-21,-0.6512188,0.36610427,-0.25662696,-0.5609622,-0.007014063
2025-02-24,-0.90982383,-0.1362723,-0.33936056,-0.13088298,-0.044950046
2025-02-25,-0.253481,0.15138485,-0.4092282,-0.38894668,-0.022149593
2025-02-26,-0.20958506,-0.7810553,-0.28936005,-0.1153243,-0.7365129
2025-02-27,-0.19851898,-0.6877878,-0.4532995,-0.40879518,-0.2847899
2025-02-28,-0.5552635,-0.63361436,-0.2935327,0.35053185,-0.17577596
2025-03-03,-0.442989,-0.80000746,-0.4355622,-0.62509125,-0.10278545
2025-03-04,-0.39077988,-0.51358575,0.49624708,-0.41927525,0.016019138
2025-03-05,-0.4726741,-0.13788535,0.0035783343,-0.6029339,-0.083727226
2025-03-06,-0.95980626,-0.5786768,0.3219779,-0.5370079,-0.06506116
2025-03-07,-0.72902757,-0.32831702,0.13382052,-0.40831,-0.041638125
2025-03-10,-0.17672762,-0.5394192,0.48394006,-0.968899,-0.1996913
2025-03-11,-0.6940326,-0.70159703,-0.11854135,-0.55502105,-0.06143521
2025-03-12,0.17171715,-0.24676926,0.1503056,-0.017951587,0.046769485
2025-03-13,0.1357177,-0.63810784,0.51861423,-0.5989574,0.048016917
2025-03-14,0.10644257,-0.38190073,0.31514746,-0.14593025,-0.264158
2025-03-17,0.3027386,-0.3866079,0.26013976,-0.8259089,0.08572869
2025-03-18,0.10753276,-0.075330496,0.2579212,-0.28641194,0.14120646
2025-03-19,0.14852504,0.20840454,0.5550502,0.26785594,0.05013737
2025-03-20,0.17181832,0.42597416,0.59613657,-0.092914335,0.020453917
2025-03-21,0.106592044,-0.691349,0.58177066,-0.37395582,-0.42281255
2025-03-24,0.07611644,-0.9582361,0.31804988,-0.4487366,-0.09971116
2025-03-25,0.39623255,-0.43497828,-0.029314904,-0.32444367,-0.95758325
2025-03-26,0.12560733,-0.11400505,0.6496207,-0.5088309,0.068609655
2025-03-27,0.27225617,-0.11649029,0.5694969,-0.10200992,-0.6434475
2025-03-28,0.024979528,-0.03318513,0.5680202,-0.37659898,-0.22455806
2025-03-31,0.54007024,-0.05984839,0.017169569,-0.60619414,0.15825029
2025-04-01,0.27406496,-0.60917264,0.56704587,-0.29757088,-0.60931885
2025-04-02,0.28515476,-0.047100663,0.32617742,-0.8205282,0.14659984
2025-04-03,0.09603327,0.055779424,-0.12676331,-0.2888404,-0.42908862
2025-04-04,0.026730718,-0.17108676,-1.145322,-0.38517353,-0.26166394
2025-04-07,0.9522889,-0.13323425,-0.27070183,-0.50913155,-0.28070042
2025-04-08,-0.06338537,0.3736866,0.19289054,-0.56850547,-0.48384598
2025-04-09,-0.23647913,0.66875744,-0.12811995,-0.6723324,-0.41623345
2025-04-10,-0.26374745,-0.41836342,0.12678732,-0.9464349,-0.14015916
2025-04-11,1.298838,0.56767243,-0.9644156,-0.07770973,-0.3200143
2025-04-14,1.761615,0.58810496,-0.63992345,0.072202176,0.006560027
2025-04-15,1.8981985,0.05410847,-0.27027667,-0.6734951,-0.20216562
2025-04-16,1.0675422,0.07953355,-0.5258221,-0.38903362,-0.4113025
2025-04-17,1.3040848,0.14401074,-0.5169453,-0.7639815,-1.1250187
2025-04-21,0.5387003,-0.92601645,-0.7100479,-0.082852125,-0.5551769
2025-04-22,-0.10419077,-2.973871,-1.1029516,-1.3385569,-0.1995811
2025-04-23,-0.22067618,-3.3008316,-1.1732914,-0.6082249,-0.33212692
2025-04-24,0.23860969,-1.0009599,-1.1923301,-0.7304778,-0.50369847
2025-04-25,0.48844582,-0.904368,-0.8586208,-0.45762938,-0.12851277
2025-04-28,0.55574965,-0.50441515,-0.28407815,-0.4048837,-0.41502774
2025-04-29,-0.084853485,-0.95849967,-0.14241478,-0.36384213,-0.038025916
2025-04-30,0.25252953,-0.6230557,0.3580246,-0.9631215,-0.81944627
2025-05-01,-0.6279907,-3.1685224,-0.1113056,-0.6016421,-0.23906067
2025-05-02,-0.7275754,-3.019342,-0.4843257,-0.90284014,-0.034567732
2025-05-05,-0.8645153,-1.024208,-0.09121555,-0.70883864,-0.21548228
2025-05-06,-0.87343943,-1.1106039,-0.21828638,-0.5521855,-0.35446447
2025-05-07,-0.99262357,-1.5288928,0.05875102,-0.70647377,-0.18025906
2025-05-08,-1.0143479,-3.2832463,0.04559824,-0.59094715,-0.24918295
2025-05-09,-0.6881899,-2.570472,0.4390162,-0.95355,-0.13316908
2025-05-12,-0.9793809,-2.8110476,0.24688357,-1.0528476,-0.06738208
2025-05-13,-0.46299082,-1.860574,-0.14651337,-0.6173513,-0.33867842
2025-05-14,-0.39898863,-0.2927859,0.4089768,-0.74192184,0.011484101
2025-05-15,-0.6276798,-0.37772542,0.60059905,-0.18332994,-0.18216932
2025-05-16,-0.11826217,-0.3189355,0.47209424,-0.20857486,-0.011365982
2025-05-19,-0.03772515,-0.2252108,0.086826265,-0.67419153,-0.23268662
2025-05-20,-0.18624617,-0.12969488,-0.24631423,-0.31898198,-0.57966936
2025-05-21,0.32442862,-1.5298064,-0.39632836,-0.12255915,-0.27176538
2025-05-22,0.328984,-1.2663364,-0.06971176,-0.9475386,-0.09091447
2025-05-23,0.2884591,-2.8665965,0.1422892,-0.5438713,-0.15565822
2025-05-27,0.3643523,-3.0418153,0.47479168,-0.30596456,-0.007598384
2025-05-28,0.23944286,-2.9241133,-0.076348715,-0.54974663,-0.15877688
2025-05-29,0.60878026,-0.6319049,0.22775841,-0.28203094,-0.45481706
2025-05-30,0.69532275,-0.45386323,-0.026142318,-0.7621542,-0.77534145
2025-06-02,0.07612666,-0.8087737,-1.2816397,-0.26674828,-0.3985388
2025-06-03,-0.98989594,-0.61475164,-1.0372399,-0.1243422,-0.044383336
2025-06-04,-1.0235527,-0.6492676,-1.239921,0.17883101,-0.48350334
2025-06-05,-0.24814846,-1.36965,-1.1120507,-0.5981941,-0.19697636
2025-06-06,-0.41132432,-1.6578337,-0.79248375,-0.58175164,-0.09028578
2025-06-09,-0.43874627,-1.1803486,-1.3444256,-0.8765106,-0.24325179
2025-06-10,-0.24620509,-2.701728,-0.66102827,-0.23748994,-0.26085615
2025-06-11,-0.1537167,-2.391325,-1.0677841,-0.24279287,-0.8821897
2025-06-12,-0.06326875,-2.5471091,-0.9946748,-0.21852899,-1.0991867
2025-06-13,-0.27703577,-2.4995763,-1.2003942,-0.5297443,-0.100999825
2025-06-16,-0.123923495,-2.6975567,-0.7655718,-0.4142153,-0.08381081
2025-06-17,-0.13299483,-2.591402,-1.0695457,-0.38120812,-0.11282221
2025-06-18,-0.07611284,-0.065410815,-1.3516772,-0.78858215,-0.4952361
2025-06-20,0.07451551,-0.19574344,-1.5476588,-0.69900155,-0.2121822
2025-06-23,0.065032,-0.1640958,-1.358954,-0.32638583,0.028319579
2025-06-24,0.050192896,0.014144993,-1.3100524,-0.28322884,-0.00883923
2025-06-25,-0.12420393,0.5618235,-1.385146,-0.7674661,-0.14551057
2025-06-26,-0.060225513,-0.8446968,-1.3310761,-0.1706015,-0.054602444
2025-06-27,-0.58481884,-0.5097655,-1.5422063,-0.13344704,-0.19416483
2025-06-30,-0.5387689,-0.80982745,-1.4842757,-0.1422178,-0.1476342
2025-07-01,-0.5999036,-0.28824714,-1.8970003,-0.7462575,-0.76894367
2025-07-02,-0.35687017,0.031818233,-1.9073951,-0.17617224,-0.23445883
2025-07-03,-0.36710018,-2.5711398,-1.7716401,-0.39231402,-0.27820736
2025-07-07,-0.30166334,-2.4284468,-1.7581418,-0.3246994,-0.20037794
2025-07-08,-0.36114413,-0.877342,-1.9282497,-0.85135764,-0.50790364
2025-07-09,-0.21278876,0.13292438,-1.9074564,-0.12188755,-0.09819591
2025-07-10,-0.25274175,-0.9186709,-2.04054,-0.044919133,-0.8756852
2025-07-11,-0.21102577,-0.20280921,-2.0749087,-0.25365016,-0.89677197
2025-07-14,-0.3135041,0.26936612,-1.9659946,-0.7310182,-1.1609247
2025-07-15,-0.43803075,-2.2542062,-1.9094672,-0.40539697,-0.6820801
2025-07-16,-0.43692356,-2.414748,-2.243889,-0.019481504,-1.0093893
2025-07-17,-0.30287287,-2.478475,-2.0651212,-0.33516943,-0.30924544
2025-07-18,-0.6842868,-0.9671861,-1.6668497,-0.9449704,0.21677504
2025-07-21,-0.6540105,-2.1799598,-1.982529,-0.9017582,-1.1911999
2025-07-22,-0.55263275,-2.2425132,-2.0340216,-0.45896086,-0.39500445
2025-07-23,-0.70130247,-2.4942281,-2.0246673,-0.34472656,-0.2121564
2025-07-24,-1.0877736,-1.1583118,-2.4098861,-0.54056954,-0.36205828
2025-07-25,-0.8550747,-0.81353,-2.2769682,-0.21999307,-0.6387968
2025-07-28,-0.40626872,-2.2127354,-0.87859696,0.05268878,0.37765843
2025-07-29,-0.49652398,-0.23699869,-2.080765,-0.39114225,-1.0423775
2025-07-30,-0.8634007,-0.8914109,-1.8116269,-0.9537959,-1.0312402
2025-07-31,-0.9682366,-0.62424767,-1.9795146,-0.3566937,-0.87632483
2025-08-01,-0.43040493,-1.0331296,-2.990685,-0.42426577,-0.3541693
2025-08-04,-0.4582073,-2.277134,-2.0394468,-0.6502035,0.22661388
2025-08-05,-0.8639567,-0.45965138,-1.7740914,-0.31487352,-0.015736468
2025-08-06,-0.7033037,-0.29252166,-1.8733735,0.071504496,-0.12041378
2025-08-07,-0.7744728,-0.010462469,-1.7008669,-0.7093423,-0.95843846
2025-08-08,-0.7668634,0.37171417,-1.8120649,0.045696452,-0.09636144
2025-08-11,-0.54609,0.10862098,-1.8301364,-0.2713252,-1.1993519
2025-08-12,-0.53509367,-0.6068183,-1.9181019,-0.2924293,0.053435538
2025-08-13,-0.85041237,-0.75175154,-2.2070441,0.1778699,-0.8077895
2025-08-14,-0.48776376,-0.3058141,-1.7657068,-0.75889665,-0.71692264
2025-08-15,-0.50516236,-0.40142155,-2.188403,-0.22791551,-0.9288741
2025-08-18,-0.9477578,-0.47958243,-1.1716319,-0.7214965,-0.059236735
2025-08-19,-0.84767824,-0.2541868,-2.0739188,-0.3373743,0.15491374
2025-08-20,-0.51730657,-0.3052077,-2.193969,-0.030410673,-0.9665495
2025-08-21,-0.41862106,-2.1976032,-2.1521363,-0.4892611,-0.6179972
2025-08-22,-0.50740665,-2.2559273,-1.6892676,-0.2605266,-0.083358414
2025-08-25,-0.72086513,-2.2386594,-1.8895094,-0.5902159,-0.5128028
2025-08-26,-0.78055245,-0.525402,-2.1358845,-0.010642622,-0.42035457
2025-08-27,-0.93156314,-0.31057203,-1.8408805,-0.6626095,-0.96241486
2025-08-28,-0.961486,-0.5154092,-2.1116636,0.32693994,-0.88139486
2025-08-29,-0.4754833,-0.6586384,-1.7672004,-0.28069842,0.118852906
2025-09-02,-0.47691125,0.0016641897,-1.8509256,-0.25580642,0.051234003
2025-09-03,-0.41997692,0.071522124,-2.1843405,-0.22154392,-0.20637393
2025-09-04,-0.41066635,-0.44390348,-2.131834,-0.25959367,0.010813746
2025-09-05,-0.5529236,-0.22971587,-1.8639919,-0.30764174,-0.9406243
2025-09-08,-0.6606897,-0.34146112,-1.9167953,-0.75760156,-0.545311
2025-09-09,-0.6260496,-0.30600804,-1.5827432,-0.8716056,-0.92059374
2025-09-10,-1.1631366,-0.5095471,-1.867062,-0.09913281,-0.9629254
2025-09-11,-1.0451459,-0.5064903,-1.7208482,-0.34530103,0.06460294
2025-09-12,-0.48795104,-0.29338017,-2.2274952,-0.91675967,-0.42801356
2025-09-15,-1.113566,-0.5637587,-1.6878923,-0.30545697,-0.20354503
2025-09-16,-0.6023723,-0.618441,-2.2009776,-0.86911553,-1.2063606
2025-09-17,-0.6482731,-0.3545851,-2.2092676,-0.90061015,-0.56865716
2025-09-18,-1.0632153,-0.4499648,-2.1666713,-0.28194237,-0.22436108
2025-09-19,-0.636009,-0.5218563,-2.1430545,-0.40659684,-0.16710399
2025-09-22,-0.86785203,-2.365774,-2.057568,-0.55141467,-0.3426572
2025-09-23,-0.8291567,0.04658654,-2.220701,-0.5858615,-0.17120358
2025-09-24,-0.8699778,-0.2585996,-2.4356375,-0.47212628,-0.7210419
2025-09-25,-1.0097889,-0.3585705,-2.0900612,-0.54424715,-0.069307916
2025-09-26,-1.238202,-0.53869253,-2.2492983,-0.34424695,-0.038144764
2025-09-29,-1.2217149,-0.5457632,-2.15983,-1.0019122,-0.8818136
2025-09-30,-1.0392579,-0.11282387,-2.0344715,-0.33544087,-0.55574316
2025-10-01,-1.2370335,-0.58042175,-2.3931217,0.014821736,-0.9294663
2025-10-02,-1.6981587,-0.48044127,-2.0389109,-0.4451958,-0.2865805
2025-10-03,-1.4983478,-0.6243679,-1.304582,-0.9300595,0.18677199
2025-10-06,-1.6295472,-0.80863726,-2.2512712,-0.061941393,-0.76447386
2025-10-07,-1.5306271,-1.3819193,-3.7430398,-0.5358498,-0.59973514
2025-10-08,-2.0211294,-0.5957729,-3.8935184,-0.42504796,-0.13990164
2025-10-09,-1.908417,0.036906328,-4.126567,-0.42786017,-0.54481745
2025-10-10,-2.2345088,-0.38706473,-3.9982188,0.060585827,-0.3862567
2025-10-13,-2.3966568,-0.4176081,-4.078377,-0.14075227,-0.25680116
2025-10-14,-0.43784422,0.27687314,-1.5580868,-0.64989316,-1.5222644
2025-10-15,-0.2897342,0.45013916,-1.7023531,0.09949264,-0.94815785
2025-10-16,-0.3687345,0.5155048,-1.4218148,-0.27205062,0.14363417
2025-10-17,-0.45985255,0.59160846,-1.6680822,0.033627577,-0.20686716
2025-10-20,-0.5091289,0.5626466,-1.5930078,-0.2696396,0.07478475
2025-10-21,-0.3095877,-0.41199663,-1.095244,-0.77155286,-0.09366574
2025-10-22,-0.27834767,-0.21944056,-1.9455115,-0.34838086,-0.053052135
2025-10-23,-0.23410617,-0.2874678,-1.9777098,-0.13675861,0.0454632
2025-10-24,-0.24135678,-0.2878665,-2.1769848,-0.13453582,-0.044651933
2025-10-27,0.06419201,-0.28249425,-2.204637,0.50429124,0.082302615
2025-10-28,-0.21572948,-0.4070734,-2.1344995,-0.78136885,-0.40960568
2025-10-29,-0.325717,-0.2668531,-1.1333777,-0.76496845,-0.08260321
2025-10-30,-0.30038533,-0.28699985,-2.0240173,-0.1634174,0.090598054
2025-10-31,-0.6706105,-0.032025672,-1.8492173,-0.75560683,-1.017493
2025-11-03,-0.384388,-0.61646634,-1.765438,-0.74230725,-1.1945235
2025-11-04,-0.67854965,-0.1329443,-2.1947753,-0.34925914,-0.005344945
2025-11-05,-0.50322837,-0.41869456,-2.3447108,0.11572203,-0.87267774
2025-11-06,0.01348264,-0.114262074,-2.2986703,-0.36847484,-0.009914779
2025-11-07,-0.7629858,-0.31936526,-1.8791202,-0.73358285,-0.89971006
2025-11-10,-0.4426195,-0.737689,-1.8497094,0.032274246,-0.26924333
2025-11-11,-0.7475984,-0.6677663,-1.7924719,-0.74253297,-0.434392
2025-11-12,-0.42798293,-0.3017933,-1.701057,-0.26941505,-0.47476518
2025-11-13,-0.37593502,-0.62547314,-1.9445446,-0.43265107,-0.15866452
2025-11-14,-0.3158838,-0.05706585,-2.0295784,-0.77744025,-0.47005036
2025-11-17,-0.31359988,-0.087685466,-1.5916343,-0.13545755,0.01999176
2025-11-18,-0.3482234,-0.08412616,-1.556408,-0.17170233,0.012563649
2025-11-19,-0.6005168,0.1418989,-2.1019607,0.19930163,-0.87194127
2025-11-20,-0.4280901,-0.6034603,-2.139489,-0.22434853,-0.38092014
2025-11-21,-0.46115828,-0.63017267,-1.7892485,-0.39158034,0.06646959
2025-11-24,-0.2709569,0.08432649,-1.6909322,0.076208055,-0.27794
2025-11-25,-0.18219806,-0.12656197,-1.660621,-0.027881837,-0.04793345
2025-11-26,-0.23034297,-0.18303943,-1.7441051,0.017459951,-0.060142826
2025-11-28,-0.14280424,-0.16135241,-1.7355276,0.04934849,-0.19472216
2025-12-01,-0.29103273,-0.14012438,-1.5198165,-0.42636502,-0.09454391
2025-12-02,-0.28630382,0.23286822,-1.7493715,-0.73146766,-0.9334024
2025-12-03,-0.267714,-0.68684375,-1.7557325,0.051239565,-0.9489967
2025-12-04,-0.31916475,-0.19036244,-1.9672571,-0.50978494,-0.25381374
2025-12-05,-0.39191505,-2.3540673,-1.9190193,-0.92320263,-0.51685804
2025-12-08,-0.44622165,-2.223071,-2.0614016,-0.41403687,-0.950876
2025-12-09,-0.39770034,-0.9964335,-2.3662498,-0.98477584,-0.46754074
2025-12-10,-0.01587562,-1.4375321,-2.6489885,-0.44653893,-0.22624193
2025-12-11,-0.60188043,-1.1776049,-2.5417526,-0.99093306,-0.50752234
2025-12-12,-0.37918043,-2.275888,-2.2760596,-0.3749915,-0.07960773
2025-12-15,-0.6765772,-2.1683896,-2.0936415,-0.8680719,-1.1874901
2025-12-16,-0.52718097,-0.19622105,-2.181144,-0.037494916,-0.97452825
2025-12-17,-0.46102843,-0.28700173,-2.300767,-0.32043532,0.031025294
2025-12-18,-0.7196632,-0.3366706,-2.149165,-0.11311453,0.009023867
2025-12-19,-0.44124803,-0.64629775,-1.8326236,-0.18372597,0.0333101
2025-12-22,-0.5600129,-0.106217235,-2.0583923,-0.0981985,0.0069277217
2025-12-23,-0.83170545,0.13038975,-1.9420123,0.25781906,-0.06866047
2025-12-24,-0.63414985,0.19775659,-1.8867725,-0.7544465,-0.92182434
2025-12-26,-0.52691317,-0.63359755,-1.6972672,-0.6668547,-0.7994663
2025-12-29,-0.64455616,-0.45644772,-2.0187325,-0.30614385,-0.90683085
2025-12-30,-0.9555714,-0.33206895,-1.9990531,-0.22331393,-1.1979952
2025-12-31,-0.41831142,-2.3484712,-1.8871149,-0.32409003,-0.16063297
2026-01-02,-0.6261133,-2.3159091,-2.1503348,-0.65662295,-0.62756664
2026-01-05,-0.39563996,-0.30931136,-1.9273372,-0.24574244,-0.028873475
2026-01-06,-0.46630812,-1.049545,-2.1291876,-0.3272943,-0.04007481
2026-01-07,-0.55111676,-0.6586666,-2.1797802,-0.33354476,-0.838844
2026-01-08,-0.76698476,-0.38786197,-1.2632259,-0.75167114,-0.19941418
2026-01-09,-0.71700096,-0.42927036,-2.157943,-0.17255364,-0.003374109
2026-01-12,-0.6182943,-0.20202203,-2.417571,0.18752998,-1.1268152
2026-01-13,-1.205862,-0.28629896,-2.2374985,-0.23558775,-0.5564956
2026-01-14,-0.5704062,-0.25260532,-2.2965233,-0.3709349,-0.12487537
2026-01-15,-0.7973816,-0.77445513,-2.299929,-0.9795323,-1.039192
2026-01-16,-0.94575286,0.52843285,-2.4054546,-0.823623,-0.27489945
2026-01-20,-0.44773975,-0.20956826,-2.679199,-0.45653173,-0.27992088
2026-01-21,-0.8598194,-2.3854382,-2.199621,-0.70826703,-0.17539543
2026-01-22,-0.48669755,0.4022052,-1.7502483,0.1222472,-0.16728815
2026-01-23,-0.79803264,-0.012658948,-1.3935585,-0.6675891,-1.1134015
2026-01-26,-0.78426605,0.36306652,-1.7210702,0.38039938,-0.08852687
2026-01-27,-0.5583447,0.26107398,-1.7801156,0.2413583,-0.51770365
2026-01-28,-0.7119037,0.023908485,-0.75953585,-0.6432988,-0.524671
2026-01-29,-0.808899,-0.38406655,-1.98841,-0.22878265,-1.1997958
2026-01-30,-0.870772,-2.3056948,-1.8090833,-0.49685693,-0.13762678
2026-02-02,-0.43054217,-2.4385507,-1.8236083,-0.33804914,-0.29593208
2026-02-03,-0.34867248,-2.2975302,-2.1312475,-0.15418394,-0.097600825
2026-02-04,-0.4777325,-2.273869,-1.9538952,-0.39449105,-0.13928044
2026-02-05,-0.4770029,-0.30641666,-2.4406655,-0.39671132,0.037640292
2026-02-06,-0.4094835,-0.45282352,-2.0883436,0.04064585,0.13925
2026-02-09,-0.9201416,-0.34506536,-1.8313053,0.39210707,-0.064679384
2026-02-10,-0.47321492,0.04301279,-1.6969618,-0.36760432,-1.1983567
2026-02-11,-0.39587748,-0.054949578,-0.8663764,-0.6939443,-0.48194116
2026-02-12,-0.35694492,-0.47341394,-1.942221,-0.50773954,-0.39358518
2026-02-13,0.048459984,-0.42983127,-1.8772032,-0.7693048,-0.5413977
2026-02-17,-0.3525421,-0.44537553,-1.7779689,-0.73261863,-0.6655667
2026-02-18,-0.37749633,-0.20388404,-1.9831004,-0.16332658,-0.0031114072
2026-02-19,-0.29233932,-0.012935631,-1.9483179,-0.32564586,-0.77862227
2026-02-20,-0.3190715,-0.22351809,-1.9556109,-0.16793142,0.01729598
2026-02-23,-0.65545815,-0.27473095,-2.0723095,-0.35220486,0.11064736
2026-02-24,-0.568096,-2.4769652,-1.8985981,-0.30476514,-0.24046016
2026-02-25,-0.19987112,-0.28270632,-2.0904613,-0.13034801,-0.030744702
2026-02-26,-0.20745635,-0.14357957,-1.8617107,-0.31232193,-0.04231435
2026-02-27,-0.28408495,-0.7050654,-1.7097188,-0.34357086,-0.03639158
2026-03-02,-0.8037612,0.121276766,-1.8428706,-0.7513402,-0.480495
2026-03-03,-0.4881855,-0.36644608,-2.0367415,-0.29759282,0.07994444
